Site,Culture,Date_Collected,Date_Processed,Quadrat_Num,Oyster_Num,Tissue_Tin_Num,Shell_Tin_Num,Tissue_Tin_Weight_g,Shell_Tin_Weight_g,Total_Mass_g,Wet_Tissue_g,Wet_Shell_g,Dry_Tissue_g,Dry_Shell_g,Sex,Shell_Length_mm,Total_Dry_Tissue_g,Total_Dry_Shell_g,Notes
RWU,,8/5/2016,8/8/2016,N/A,1,76,11,0.984,2.295,N/A,12.0313,66.846,2.399,64.084,F,95,1.415,61.789,
RWU,,8/5/2016,8/8/2016,N/A,2,112,2,1.318,2.241,43.316,9.334,31.998,2.818,29.406,M,73,1.5,27.165,
RWU,,8/5/2016,8/8/2016,N/A,3,150,22,0.965,2.109,53.635,8.275,35.795,2.183,32.524,F,80,1.218,30.415,
RWU,,8/5/2016,8/8/2016,N/A,4,140,16,1.311,2.08,67.402,9.868,46.278,2.882,42.564,F,85,1.571,40.484,
RWU,,8/5/2016,8/8/2016,N/A,5,154,83,1.298,2.287,43.774,8.504,30.869,2.759,28.145,N/A,74,1.461,25.858,
RWU,,8/5/2016,8/8/2016,N/A,6,107,53,0.981,2.278,53.841,9.297,37.195,2.358,33.551,F,87,1.377,31.273,
RWU,,8/5/2016,8/8/2016,N/A,7,147,49,1.311,2.14,60.586,9.175,43.89,2.785,39.238,N/A,79,1.474,37.098,
RWU,,8/5/2016,8/8/2016,N/A,8,139,48,1.325,2.081,48.709,8.846,34.513,2.718,31.668,M,68,1.393,29.587,
RWU,,8/5/2016,8/8/2016,N/A,9,16,47,1.314,2.271,60.701,9.014,46.026,2.772,43.016,N/A,68,1.458,40.745,
RWU,,8/5/2016,8/8/2016,N/A,10,73,23,0.983,2.072,27.06,6.425,19.273,1.944,17.52,N/A,64,0.961,15.448,
RWU,,8/5/2016,8/8/2016,N/A,11,71,35,1.312,2.175,86.797,12.076,65.38,3.139,59.053,M,77,1.827,56.878,
RWU,,8/5/2016,8/8/2016,N/A,12,158,38,0.982,2.268,58.551,8.51,43.691,2.325,41.56,M,69,1.343,39.292,
RWU,,8/5/2016,8/8/2016,N/A,13,101,36,1.32,2.12,43.999,8.641,29.418,2.712,27.235,M,74,1.392,25.115,
RWU,,8/5/2016,8/8/2016,N/A,14,75,360,1.303,2.268,67.521,9.983,48.983,3.144,45.23,N/A,82,1.841,42.962,
RWU,,8/5/2016,8/8/2016,N/A,15,76,54,0.99,2.188,46.809,5.434,31.494,1.87,27.268,N/A,76,0.88,25.08,
RWU,,8/5/2016,8/8/2016,N/A,16,56,10,0.986,2.157,75.689,8.636,54.154,2.359,49.213,N/A,72,1.373,47.056,
RWU,,8/5/2016,8/8/2016,N/A,17,62,12,0.989,2.27,47.876,5.938,40.518,1.848,37.227,M,69,0.859,34.957,
RWU,,8/5/2016,8/8/2016,N/A,18,82,14,0.952,2.264,50.885,9.223,37.034,2.533,34.329,M,71,1.581,32.065,
RWU,,8/5/2016,8/8/2016,N/A,19,142,18,0.946,2.052,62.158,9.376,46.229,2.608,42.713,N/A,81,1.662,40.661,
RWU,,8/5/2016,8/8/2016,N/A,20,77,16,1.308,2.276,79.525,10.328,58.528,3.037,55.113,N/A,85,1.729,52.837,
RWU,,8/5/2016,8/9/2016,N/A,21,30,17,0.949,2.08,53.492,7.527,40.244,1.976,35.333,N/A,79,1.027,33.253,
RWU,,8/5/2016,8/9/2016,N/A,22,64,18,1.299,2.268,34.479,7.732,23.686,2.399,21.123,N/A,82,1.1,18.855,
RWU,,8/5/2016,8/9/2016,N/A,23,42,25,1.324,2.279,58.757,10.89,38.878,2.959,35.764,N/A,81,1.635,33.485,
RWU,,8/5/2016,8/9/2016,N/A,24,11,26,0.954,2.032,41.441,8.9,29.917,2.171,26.151,F,71,1.217,24.119,
RWU,,8/5/2016,8/9/2016,N/A,25,53,27,1.306,2.069,41.44,8.193,30.841,2.556,28.437,M,73,1.25,26.368,
RWU,,8/5/2016,8/9/2016,N/A,26,161,56,1.312,2.244,47.859,8.798,34.414,2.617,30.034,N/A,81,1.305,27.79,
RWU,,8/5/2016,8/9/2016,N/A,27,39,34,1.3,2.145,51.883,7.905,41.13,2.439,39.431,F,80,1.139,37.286,
RWU,,8/5/2016,8/9/2016,N/A,28,130,32,1.309,2.27,49.802,7.048,37.069,2.364,32.334,F,77,1.055,30.064,Shell Crumbled
RWU,,8/5/2016,8/9/2016,N/A,29,133,33,1.329,2.093,91.704,13.702,66.503,3.395,62.355,F,93,2.066,60.262,
RWU,,8/5/2016,8/9/2016,N/A,30,135,44,0.959,2.111,55.514,8.853,42.054,2.471,38.518,M,74,1.512,36.407,
RWU,,8/5/2016,8/10/2016,N/A,31,138,174,0.954,2.117,33.217,7.464,24.235,1.881,21.783,F,76,0.927,19.666,
RWU,,8/5/2016,8/10/2016,N/A,32,143,175,1.32,2.133,52.462,9.919,35.986,2.654,31.467,M,76,1.334,29.334,Growth Anomaly
RWU,,8/5/2016,8/10/2016,N/A,33,152,176,0.967,2.135,54.259,10.853,36.284,2.458,33.871,M,72,1.491,31.736,
RWU,,8/5/2016,8/10/2016,N/A,34,102,177,0.977,2.133,30.918,6.928,21.69,1.881,19.738,M,68,0.904,17.605,
RWU,,8/5/2016,8/10/2016,N/A,35,103,178,1.316,2.164,28.47,6.554,20.612,2.376,18.884,M,68,1.06,16.72,
RWU,,8/5/2016,8/10/2016,N/A,36,111,179,0.956,2.116,47.941,7.962,34.455,2.191,31.14,F,71,1.235,29.024,
RWU,,8/5/2016,8/10/2016,N/A,37,119,180,0.983,2.123,37.717,6.64,26.952,1.942,25.555,M,72,0.959,23.432,
RWU,,8/5/2016,8/10/2016,N/A,38,121,181,1.311,2.133,54.855,12.034,38.392,2.842,34.228,M,73,1.531,32.095,
RWU,,8/5/2016,8/10/2016,N/A,39,115,182,0.942,2.096,59.517,8.608,45.705,2.234,42.497,M,81,1.292,40.401,
RWU,,8/5/2016,8/10/2016,N/A,40,151,183,0.985,2.104,N/A,8.674,43.372,2.264,38.754,F,75,1.279,36.65,Shell Crumbled
RWU,,8/5/2016,8/10/2016,N/A,41,52,184,1.317,2.105,31.955,7.256,22.76,2.389,20.515,M,71,1.072,18.41,
RWU,,8/5/2016,8/10/2016,N/A,42,37,185,1.3,2.099,51.504,9.533,35.196,2.404,31.293,N/A,72,1.104,29.194,
RWU,,8/5/2016,8/10/2016,N/A,43,9,186,1.314,2.097,59.508,11.762,40.622,3.086,36.969,N/A,73,1.772,34.872,
RWU,,8/5/2016,8/10/2016,N/A,44,33,187,1.3,2.152,50.226,9.105,34.678,2.599,32.168,N/A,72,1.299,30.016,
RWU,,8/5/2016,8/10/2016,N/A,45,99,188,1.322,2.119,59.239,9.941,43.48,3.06,41.512,N/A,77,1.738,39.393,
RWU,,8/5/2016,8/10/2016,N/A,46,137,189,1.301,2.088,56.538,10.911,41.355,3.094,36.802,F,81,1.793,34.714,
RWU,,8/5/2016,8/10/2016,N/A,47,136,190,1.304,2.067,72.508,11.273,50.933,2.977,44.426,N/A,81,1.673,42.359,
RWU,,8/5/2016,8/10/2016,N/A,48,131,191,0.983,2.124,46.323,7.272,34.267,2.056,30.105,N/A,87,1.073,27.981,
RWU,,8/5/2016,8/10/2016,N/A,49,129,192,0.952,2.128,46.72,8.302,31.901,2.237,28.55,M,74,1.285,26.422,
RWU,,8/5/2016,8/10/2016,N/A,50,126,193,0.985,2.091,36.903,5.738,25.425,1.743,22.695,N/A,73,0.758,20.604,
RWU,,8/5/2016,8/10/2016,N/A,51,124,194,0.976,2.107,46.41,7.053,34.558,1.861,31.564,N/A,71,0.885,29.457,
Winnapaug Aquaculture,Aquaculture,8/16/2016,8/18/2016,N/A,1,23,15,0.955,2.22,35.144,7.97,29.362,2.214,26.067,N/A,74,1.259,23.847,
Winnapaug Aquaculture,Aquaculture,8/16/2016,8/18/2016,N/A,2,21,925,1.33,2.237,27.179,5.911,23.372,2.003,20.084,N/A,72,0.673,17.847,
Winnapaug Aquaculture,Aquaculture,8/16/2016,8/18/2016,N/A,3,77,8,0.982,2.039,24.996,6.293,19.779,1.804,18.012,F,67,0.822,15.973,
Winnapaug Aquaculture,Aquaculture,8/16/2016,8/18/2016,N/A,4,120,292,1.312,2.242,34.036,6.805,28.355,2.096,26.235,N/A,69,0.784,23.993,
Winnapaug Aquaculture,Aquaculture,8/16/2016,8/18/2016,N/A,5,118,99,1.313,2.251,23.8,5.708,21.145,2.153,19.32,N/A,65,0.84,17.069,
Winnapaug Aquaculture,Aquaculture,8/16/2016,8/18/2016,N/A,6,5,49,0.982,2.282,26.245,5.888,22.832,1.62,20.922,N/A,65,0.638,18.64,
Winnapaug Aquaculture,Aquaculture,8/16/2016,8/18/2016,N/A,7,145,195,1.317,2.102,45.333,9.62,29.369,2.429,25.999,N/A,78,1.112,23.897,
Winnapaug Aquaculture,Aquaculture,8/16/2016,8/18/2016,N/A,8,82,196,0.981,2.101,32.407,7.463,25.087,1.985,22.337,N/A,67,1.004,20.236,
Winnapaug Aquaculture,Aquaculture,8/16/2016,8/18/2016,N/A,9,81,197,0.947,2.084,28.144,6.567,24.088,1.956,21.175,F,66,1.009,19.091,
Winnapaug Aquaculture,Aquaculture,8/16/2016,8/18/2016,N/A,10,83,198,1.326,2.078,31.708,6.544,28.057,2.3,25.736,N/A,77,0.974,23.658,
Winnapaug Aquaculture,Aquaculture,8/16/2016,8/18/2016,N/A,11,68,199,0.952,2.105,36.889,7.965,29.436,2.249,27.024,F,67,1.297,24.919,
Winnapaug Aquaculture,Aquaculture,8/16/2016,8/18/2016,N/A,12,84,34,1.315,2.277,32.227,6.387,28.267,2.11,26.804,N/A,71,0.795,24.527,
Winnapaug Aquaculture,Aquaculture,8/16/2016,8/18/2016,N/A,13,85,38,0.947,2.273,24.77,5.014,22.041,1.8,20.162,F,70,0.853,17.889,
Winnapaug Aquaculture,Aquaculture,8/16/2016,8/18/2016,N/A,14,86,2,0.946,2.124,21.189,6.367,17.338,1.799,16.015,N/A,61,0.853,13.891,
Winnapaug Aquaculture,Aquaculture,8/16/2016,8/18/2016,N/A,15,25,17,0.946,2.268,30.404,5.923,25.366,1.749,23.443,N/A,76,0.803,21.175,
Winnapaug Aquaculture,Aquaculture,8/16/2016,8/18/2016,N/A,16,185,66,1.322,2.145,33.525,7.918,27.037,2.427,24.671,N/A,68,1.105,22.526,
Winnapaug Aquaculture,Aquaculture,8/16/2016,8/18/2016,N/A,17,186,49,1.316,2.252,41.584,9.568,33.288,2.782,30.56,N/A,67,1.466,28.308,
Winnapaug Aquaculture,Aquaculture,8/16/2016,8/18/2016,N/A,18,74,37,0.988,2.06,28.021,6.559,23.667,1.902,21.591,N/A,67,0.914,19.531,
Winnapaug Aquaculture,Aquaculture,8/16/2016,8/18/2016,N/A,19,343,46,0.981,2.189,27.274,5.547,22.056,1.684,20.649,M,60,0.703,18.46,
Winnapaug Aquaculture,Aquaculture,8/16/2016,8/18/2016,N/A,20,57,98,1.319,2.141,25.342,5.557,22.661,1.985,21.131,N/A,76,0.666,18.99,
Winnapaug Aquaculture,Aquaculture,8/16/2016,8/18/2016,N/A,21,95,97,1.31,2.115,42.364,10.984,31.802,3.223,28.214,N/A,72,1.913,26.099,
Winnapaug Aquaculture,Aquaculture,8/16/2016,8/18/2016,N/A,22,30,68,1.312,2.273,34.778,7.5,29.71,2.444,28.356,N/A,66,1.132,26.083,
Winnapaug Aquaculture,Aquaculture,8/16/2016,8/18/2016,N/A,23,227,64,1.023,2.115,29.423,7.274,23.74,2.002,20.443,N/A,73,0.979,18.328,
Winnapaug Aquaculture,Aquaculture,8/16/2016,8/18/2016,N/A,24,128,67,0.98,2.125,20.038,4.814,17.784,1.819,16.097,N/A,69,0.839,13.972,
Winnapaug Aquaculture,Aquaculture,8/16/2016,8/18/2016,N/A,25,55,69,1.308,1.996,35.644,7.229,26.748,2.306,23.571,N/A,79,0.998,21.575,
Winnapaug Aquaculture,Aquaculture,8/16/2016,8/19/2016,N/A,26,22,70,0.957,2.15,38.457,6.625,29.682,1.961,27.33,N/A,73,1.004,25.18,
Winnapaug Aquaculture,Aquaculture,8/16/2016,8/19/2016,N/A,27,285,71,1.011,2.207,37.869,6.773,32.432,1.763,30.729,N/A,72,0.752,28.522,
Winnapaug Aquaculture,Aquaculture,8/16/2016,8/19/2016,N/A,28,132,72,1.293,2.288,26.96,6.314,23.752,2.181,21.645,N/A,74,0.888,19.357,
Winnapaug Aquaculture,Aquaculture,8/16/2016,8/19/2016,N/A,29,329,75,0.988,2.14,31.852,7.205,26.475,2.031,24.835,N/A,71,1.043,22.695,
Winnapaug Aquaculture,Aquaculture,8/16/2016,8/19/2016,N/A,30,48,19,0.953,2.283,29.241,6.7,24.915,1.956,23.334,N/A,68,1.003,21.051,
Winnapaug Aquaculture,Aquaculture,8/16/2016,8/19/2016,N/A,31,34,20,1.315,2.065,36.334,7.261,26.6,2.239,24.384,N/A,69,0.924,22.319,
Winnapaug Aquaculture,Aquaculture,8/16/2016,8/19/2016,N/A,32,28,13,0.945,2.119,25.145,6.285,20.08,1.601,17.992,M,69,0.656,15.873,
Winnapaug Aquaculture,Aquaculture,8/16/2016,8/19/2016,N/A,33,275,14,1.008,2.248,32.864,8.182,24.687,2.009,22.323,M,62,1.001,20.075,
Winnapaug Aquaculture,Aquaculture,8/16/2016,8/19/2016,N/A,34,266,21,1.028,2.089,38.001,7.753,31.63,2.11,30.293,N/A,76,1.082,28.204,
Winnapaug Aquaculture,Aquaculture,8/16/2016,8/19/2016,N/A,35,339,24,1.001,2.187,34.867,8.427,27.222,2.297,25.286,N/A,71,1.296,23.099,
Winnapaug Aquaculture,Aquaculture,8/16/2016,8/19/2016,N/A,36,60,33,1.325,2.279,30.888,6.043,26.28,2.064,23.402,N/A,66,0.739,21.123,
Winnapaug Aquaculture,Aquaculture,8/16/2016,8/19/2016,N/A,37,55,31,1.325,2.279,31.785,7.221,26.784,2.176,24.736,N/A,67,0.851,22.457,
Winnapaug Aquaculture,Aquaculture,8/16/2016,8/19/2016,N/A,38,278,30,1.032,2.298,37.972,8.518,29.949,2.476,27.316,M,72,1.444,25.018,
Winnapaug Aquaculture,Aquaculture,8/16/2016,8/19/2016,N/A,39,51,56,1.315,2.28,30.623,7.326,26.116,2.354,24.21,F,68,1.039,21.93,
Winnapaug Aquaculture,Aquaculture,8/16/2016,8/19/2016,N/A,40,39,65,0.946,2.248,34.137,8.335,26.662,1.918,24.485,N/A,69,0.972,22.237,
Winnapaug Aquaculture,Aquaculture,8/16/2016,8/19/2016,N/A,41,17,22,1.322,2.121,21.549,6.129,18.347,2.103,16.448,N/A,76,0.781,14.327,
Winnapaug Aquaculture,Aquaculture,8/16/2016,8/20/2016,N/A,42,1,23,1.311,2.281,37.02,7.304,32.936,2.548,31.25,N/A,66,1.237,28.969,
Winnapaug Aquaculture,Aquaculture,8/16/2016,8/20/2016,N/A,43,45,9,1.311,2.281,35.726,6.74,25.892,2.09,24.003,N/A,70,0.779,21.722,
Winnapaug Aquaculture,Aquaculture,8/16/2016,8/20/2016,N/A,44,240,2,0.956,2.282,34.836,6.89,29.199,1.852,26.853,N/A,71,0.896,24.571,
Winnapaug Aquaculture,Aquaculture,8/16/2016,8/20/2016,N/A,45,264,7,1.014,2.282,25.786,6.052,22.435,1.831,21.002,F,71,0.817,18.72,
Winnapaug Aquaculture,Aquaculture,8/16/2016,8/20/2016,N/A,46,204,52,1.003,2.251,26.261,6.613,22.211,2.067,20.071,N/A,75,1.064,17.82,
Winnapaug Aquaculture,Aquaculture,8/16/2016,8/20/2016,N/A,47,232,51,1.018,2.175,34.27,8.196,28.76,2.239,26.903,M,78,1.221,24.728,
Winnapaug Aquaculture,Aquaculture,8/16/2016,8/20/2016,N/A,48,219,14,1.007,2.278,40.151,9.351,32.125,2.35,29.625,N/A,68,1.343,27.347,
Winnapaug Aquaculture,Aquaculture,8/16/2016,8/20/2016,N/A,49,58,13,1.316,2.289,27.362,6.647,23.828,2.171,22.238,M,68,0.855,19.949,
Winnapaug Aquaculture,Aquaculture,8/16/2016,8/20/2016,N/A,50,233,149,1.04,2.073,28.707,7.141,24.43,2.285,22.742,N/A,60,1.245,20.669,
Winnapaug Aquaculture,Aquaculture,8/16/2016,8/20/2016,N/A,51,244,54,0.963,2.235,37.135,5.97,28.701,1.727,25.489,F,65,0.764,23.254,
Winnapaug Aquaculture,Aquaculture,8/16/2016,8/20/2016,N/A,52,53,255,0.96,2.049,26.546,7.204,20.62,1.889,18.976,N/A,66,0.929,16.927,
Winnapaug Aquaculture,Aquaculture,8/16/2016,8/20/2016,N/A,53,40,48,1.319,2.086,34.209,7.531,29.37,2.417,27.474,N/A,68,1.098,25.388,
Winnapaug Aquaculture,Aquaculture,8/16/2016,8/20/2016,N/A,54,206,258,1.018,2.273,29.066,7.127,23.742,1.891,22.144,N/A,68,0.873,19.871,
Ninigret Aquaculture,Aquaculture,8/17/2016,8/20/2016,N/A,1,296,26,1.015,2.258,20.974,3.252,18.898,1.349,18.083,N/A,65,0.334,15.825,
Ninigret Aquaculture,Aquaculture,8/17/2016,8/20/2016,N/A,2,302,45,1.021,2.097,30.827,4.527,23.314,1.611,21.953,N/A,65,0.59,19.856,
Ninigret Aquaculture,Aquaculture,8/17/2016,8/20/2016,N/A,3,306,44,0.967,2.289,23.443,4.016,19.249,1.386,17.857,N/A,62,0.419,15.568,
Ninigret Aquaculture,Aquaculture,8/17/2016,8/20/2016,N/A,4,303,43,1.013,2.266,28.185,5.585,22.058,1.791,20.361,N/A,65,0.778,18.095,2nd shell attached
Ninigret Aquaculture,Aquaculture,8/17/2016,8/20/2016,N/A,5,301,42,1.03,2.13,30.136,4.652,26.228,1.53,24.959,N/A,67,0.5,22.829,
Ninigret Aquaculture,Aquaculture,8/17/2016,8/20/2016,N/A,6,294,17,1.028,2.279,30.106,5.9,26.215,1.869,24.661,N/A,70,0.841,22.382,
Ninigret Aquaculture,Aquaculture,8/17/2016,8/20/2016,N/A,7,299,9,1.02,2.265,26.842,4.464,23.539,1.452,21.946,N/A,67,0.432,19.681,
Ninigret Aquaculture,Aquaculture,8/17/2016,8/20/2016,N/A,8,290,29,0.976,2.267,29.283,5.561,23.44,1.545,23.956,N/A,65,0.569,21.689,
Ninigret Aquaculture,Aquaculture,8/17/2016,8/20/2016,N/A,9,307,8,1.026,2.072,30.985,5.183,24.913,1.625,23.302,N/A,68,0.599,21.23,
Ninigret Aquaculture,Aquaculture,8/17/2016,8/20/2016,N/A,10,309,3,1.019,2.087,30.309,3.943,20.095,1.703,23.944,N/A,64,0.684,21.857,
Ninigret Aquaculture,Aquaculture,8/17/2016,8/21/2016,N/A,11,308,11,1.026,1.994,26.014,4.495,21.586,1.322,18.731,N/A,61,0.296,16.737,
Ninigret Aquaculture,Aquaculture,8/17/2016,8/21/2016,N/A,12,297,7,0.98,2.03,27.676,4.214,21.532,1.548,20.271,N/A,70,0.568,18.241,
Ninigret Aquaculture,Aquaculture,8/17/2016,8/21/2016,N/A,13,289,25,0.971,2.114,23.129,3.287,21.349,1.532,20.762,N/A,67,0.561,18.648,
Ninigret Aquaculture,Aquaculture,8/17/2016,8/21/2016,N/A,14,292,4,1.031,2.223,22.011,4.437,23.325,1.337,20.088,N/A,68,0.306,17.865,
Ninigret Aquaculture,Aquaculture,8/17/2016,8/21/2016,N/A,15,288,99,1.038,2.286,24.962,6.403,31.58,1.52,22.351,N/A,62,0.482,20.065,
Ninigret Aquaculture,Aquaculture,8/17/2016,8/21/2016,N/A,16,295,6,1.016,2.232,40.988,4.577,22.263,1.952,30.027,M,66,0.936,27.795,
Ninigret Aquaculture,Aquaculture,8/17/2016,8/21/2016,N/A,17,304,22,1.034,2.269,25.806,3.739,23.675,1.533,21.032,N/A,69,0.499,18.763,
Ninigret Aquaculture,Aquaculture,8/17/2016,8/21/2016,N/A,18,310,15,1.031,2.245,27.009,3.739,23.675,1.437,22.703,N/A,64,0.406,20.458,
Ninigret Aquaculture,Aquaculture,8/17/2016,8/21/2016,N/A,19,311,31,1.038,2.137,31.713,5.221,26.498,1.721,23.357,N/A,49,0.683,21.22,
Ninigret Aquaculture,Aquaculture,8/17/2016,8/21/2016,N/A,20,293,4,1.03,2.08,26.002,4.473,20.11,1.56,18.934,N/A,68,0.53,16.854,
Ninigret Aquaculture,Aquaculture,8/17/2016,8/21/2016,N/A,21,298,28,0.965,2.286,30.007,4.148,24.182,4.148,23.65,M,63,3.183,21.364,
Ninigret Aquaculture,Aquaculture,8/17/2016,8/21/2016,N/A,22,300,71,1.026,2.179,33.579,4.573,23.163,4.573,21.754,N/A,71,3.547,19.575,
Ninigret Aquaculture,Aquaculture,8/17/2016,8/21/2016,N/A,23,305,6,0.958,2.288,31.594,5.418,23.779,5.418,22.153,N/A,70,4.46,19.865,
Ninigret Aquaculture,Aquaculture,8/17/2016,8/21/2016,N/A,24,291,43,0.956,2.262,32.782,4.627,24.824,4.627,23.733,N/A,37,3.671,21.471,
Ninigret Aquaculture,Aquaculture,8/17/2016,8/22/2016,N/A,25,30,195,0.95,2.106,21.972,3.76,18.451,3.76,17.425,N/A,59,2.81,15.319,
Ninigret Aquaculture,Aquaculture,8/17/2016,8/22/2016,N/A,26,42,196,1.32,2.101,26.242,6.038,23.228,6.038,22.214,N/A,77,4.718,20.113,
Ninigret Aquaculture,Aquaculture,8/17/2016,8/22/2016,N/A,27,121,197,1.313,2.088,27.964,5.542,25.372,5.542,24.284,N/A,72,4.229,22.196,
Ninigret Aquaculture,Aquaculture,8/17/2016,8/22/2016,N/A,28,33,198,1.3,2.078,24.096,5.076,21.656,5.076,20.922,N/A,65,3.776,18.844,
Ninigret Aquaculture,Aquaculture,8/17/2016,8/22/2016,N/A,29,138,199,0.946,2.106,26.294,4.094,20.889,4.094,19.918,N/A,69,3.148,17.812,
Ninigret Aquaculture,Aquaculture,8/17/2016,8/22/2016,N/A,30,103,183,1.317,2.108,34.965,6.252,27.073,6.252,25.533,N/A,72,4.935,23.425,
Ninigret Aquaculture,Aquaculture,8/17/2016,8/22/2016,N/A,31,39,181,1.304,2.135,23.403,5.539,19.879,5.539,18.728,N/A,62,4.235,16.593,
Ninigret Aquaculture,Aquaculture,8/17/2016,8/22/2016,N/A,32,161,191,1.315,2.128,21.174,4.933,23.311,4.933,21.938,N/A,70,3.618,19.81,
Ninigret Aquaculture,Aquaculture,8/17/2016,8/22/2016,N/A,33,152,193,0.959,2.093,26.225,5.102,23.228,5.102,22.32,N/A,62,4.143,20.227,
Ninigret Aquaculture,Aquaculture,8/17/2016,8/22/2016,N/A,34,119,180,0.983,2.125,26.487,5.878,22.738,5.878,21.415,N/A,68,4.895,19.29,Fell on round when putting into drying oven; chipped shell
Ninigret Aquaculture,Aquaculture,8/17/2016,8/22/2016,N/A,35,64,194,1.3,2.11,26.345,4.849,22.526,4.849,20.94,N/A,60,3.549,18.83,
Ninigret Aquaculture,Aquaculture,8/17/2016,8/22/2016,N/A,36,137,178,1.302,2.165,26.137,5.939,23.008,5.939,21.559,N/A,66,4.637,19.394,
Ninigret Aquaculture,Aquaculture,8/17/2016,8/22/2016,N/A,37,142,175,0.947,2.136,25.249,4.759,22.014,4.759,21.06,N/A,66,3.812,18.924,
Ninigret Aquaculture,Aquaculture,8/17/2016,8/22/2016,N/A,38,131,188,0.984,2.122,26.559,4.36,21.524,4.36,19.192,N/A,67,3.376,17.07,
Ninigret Aquaculture,Aquaculture,8/17/2016,8/22/2016,N/A,39,133,177,1.33,2.136,26.844,5.207,21.201,1.812,19.667,N/A,70,0.482,17.531,
Ninigret Aquaculture,Aquaculture,8/17/2016,8/22/2016,N/A,40,107,184,0.985,2.109,31.475,6.724,23.373,1.901,22.08,N/A,71,0.916,19.971,
Ninigret Aquaculture,Aquaculture,8/17/2016,8/22/2016,N/A,41,42,189,0.98,2.091,18.323,3.458,17.455,1.284,16.408,N/A,62,0.304,14.317,
Ninigret Aquaculture,Aquaculture,8/17/2016,8/22/2016,N/A,42,82,182,0.954,2.098,35.643,7.961,24.887,1.87,23.183,N/A,71,0.916,21.085,
Ninigret Aquaculture,Aquaculture,8/17/2016,8/22/2016,N/A,43,154,192,1.3,2.132,38.217,6.529,28.219,2.094,26.021,N/A,73,0.794,23.889,
Ninigret Aquaculture,Aquaculture,8/17/2016,8/22/2016,N/A,44,143,179,1.314,2.117,26.017,5.453,23.941,2.08,22.837,N/A,64,0.766,20.72,
Ninigret Aquaculture,Aquaculture,8/17/2016,8/22/2016,N/A,45,52,190,1.312,2.07,25.642,4.952,23.415,1.983,22.647,N/A,67,0.671,20.577,
Ninigret Aquaculture,Aquaculture,8/17/2016,8/22/2016,N/A,46,147,176,1.314,2.136,25.467,5.114,20.268,1.918,18.571,N/A,67,0.604,16.435,
Ninigret Aquaculture,Aquaculture,8/17/2016,8/22/2016,N/A,47,112,187,1.318,2.152,30.299,6.032,25.147,1.888,23.937,N/A,77,0.57,21.785,
Ninigret Aquaculture,Aquaculture,8/17/2016,8/22/2016,N/A,48,76,174,0.983,2.119,27.818,5.303,20.586,1.609,19.561,N/A,65,0.626,17.442,
Ninigret Aquaculture,Aquaculture,8/17/2016,8/22/2016,N/A,49,130,185,1.308,2.101,25.902,6.01,20.887,1.755,19.278,N/A,64,0.447,17.177,
Ninigret Aquaculture,Aquaculture,8/17/2016,8/22/2016,N/A,50,136,186,1.307,2.096,26.568,4.856,21.103,1.815,20.153,N/A,66,0.508,18.057,
Ninigret Aquaculture,Aquaculture,8/17/2016,8/22/2016,N/A,51,99,97,1.322,2.121,21.149,4.264,18.859,1.735,18.061,N/A,60,0.413,15.94,
Ninigret Aquaculture,Aquaculture,8/17/2016,8/22/2016,,52,150,98,0.957,2.141,25.246,5.609,19.894,1.586,18.211,N/A,69,0.629,16.07,
Town Pond,,8/17/2016,8/24/2016,1,1,179,60,2.123,4.13,253.38,23.915,206.653,4.834,184.282,N/A,164,2.711,180.152,
Town Pond,,8/17/2016,8/24/2016,1,2,186,59,2.098,4.075,291.431,27.108,240.215,4.348,219.167,N/A,169,2.25,215.092,
Town Pond,,8/17/2016,8/24/2016,1,3,185,58,2.101,4.074,189.612,31.606,147.73,6.233,133.507,N/A,142,4.132,129.433,
Town Pond,,8/17/2016,8/24/2016,2,1,174,57,2.128,4.13,188.961,17.135,172.963,4.366,157.52,N/A,131,2.238,153.39,
Town Pond,,8/17/2016,8/24/2016,3,1,182,52,2.102,4.099,98.973,15.292,78.923,4.126,71.665,N/A,115,2.024,67.566,
Town Pond,,8/17/2016,8/24/2016,3,2,189,51,2.09,4.106,124.664,15.758,97.068,3.862,86.608,N/A,120,1.772,82.502,
Town Pond,,8/17/2016,8/24/2016,3,3,184,50,2.115,4.094,N/A,16.761,101.137,4.723,92.676,M,124,2.608,88.582,
Town Pond,,8/17/2016,8/24/2016,3,4,195,49,2.103,4.12,169.033,21.911,135.422,5.545,125.644,N/A,116,3.442,121.524,
Town Pond,,8/17/2016,8/25/2016,3,5,196,48,2.102,4.11,256.783,31.026,197.844,5.649,179.076,N/A,140,3.547,174.966,
Town Pond,,8/17/2016,8/25/2016,3,6,197,47,2.085,4.139,228.361,28.659,181.647,6.764,163.775,N/A,132,4.679,159.636,
Town Pond,,8/17/2016,8/25/2016,3,7,198,46,2.078,4.11,235.475,30.185,178.687,7.482,167.639,N/A,158,5.404,163.529,
Town Pond,,8/17/2016,8/25/2016,3,8,199,45,2.107,4.117,228.707,27.55,183.78,7.359,173.295,N/A,149,5.252,169.178,
Town Pond,,8/17/2016,8/25/2016,3,9,180,44,2.122,4.128,101.45,14.959,82.34,4.469,69.024,N/A,85,2.347,64.896,
Town Pond,,8/17/2016,8/25/2016,3,10,193,43,2.092,4.125,149.829,21.57,112.444,5.625,101.861,N/A,139,3.533,97.736,
Town Pond,,8/17/2016,8/25/2016,3,11,191,42,2.129,4.124,176.981,27.65,140.123,5.541,122.653,M,145,3.412,118.529,
Town Pond,,8/17/2016,8/25/2016,3,12,181,41,2.132,4.115,98.247,16.46,77.323,4.376,70.724,F,120,2.244,66.609,attached to 13
Town Pond,,8/17/2016,8/25/2016,3,13,183,194,2.108,2.109,100.288,15.703,76.877,4.79,67.65,N/A,130,2.682,65.541,attached to 12
Town Pond,,8/17/2016,8/24/2016,4,1,187,56,2.151,4.112,100.149,18.204,78.072,4.858,72.058,N/A,105,2.707,67.946,
Town Pond,,8/17/2016,8/24/2016,4,2,176,55,2.136,4.112,249.809,27.942,184.784,4.772,167.578,N/A,161,2.636,163.466,
Town Pond,,8/17/2016,8/24/2016,4,3,190,54,2.07,4.071,76.767,14.588,62.306,4.174,56.716,F,92,2.104,52.645,
Town Pond,,8/17/2016,8/24/2016,4,4,192,53,2.129,4.118,132.48,26.205,100.91,6.249,92.872,M,136,4.12,88.754,
Town Pond,,8/17/2016,8/25/2016,N/A,1,178,24,2.166,3.901,75.18,11.575,55.182,3.348,47.032,N/A,94,1.182,43.131,
Town Pond,,8/17/2016,8/25/2016,N/A,2,175,25,2.138,3.937,216.252,26.814,172.031,6.598,160.233,N/A,130,4.46,156.296,
Town Pond,,8/17/2016,8/25/2016,N/A,3,188,10,2.13,3.795,247.622,30.93,198.579,8.25,181.771,N/A,118,6.12,177.976,
Town Pond,,8/17/2016,8/25/2016,N/A,4,177,4,2.135,3.958,174.433,25.761,142.498,7.243,132.262,N/A,138,5.108,128.304,
Town Pond,,8/17/2016,8/25/2016,N/A,5,52,22,2.252,3.891,244.972,31.96,205.04,6.315,182.429,N/A,133,4.063,178.538,
Town Pond,,8/17/2016,8/25/2016,N/A,6,14,20,2.277,3.771,254.844,30.459,213.841,7.273,200.596,F,163,4.996,196.825,
Town Pond,,8/17/2016,8/25/2016,N/A,7,9,19,2.279,3.98,188.993,25.712,163.79,7.501,146.172,N/A,142,5.222,142.192,
Town Pond,,8/17/2016,8/25/2016,N/A,8,3,16,2.287,3.998,206.397,28.304,147.772,5.413,120.763,N/A,172,3.126,116.765,
Town Pond,,8/17/2016,8/25/2016,N/A,9,1,30,2.047,3.855,249.08,32.982,199.052,6.53,177.344,N/A,150,4.483,173.489,
Town Pond,,8/17/2016,8/25/2016,N/A,10,11,15,2.185,3.905,205.527,35.638,152.988,8.358,132.744,N/A,141,6.173,128.839,
Town Pond,,8/17/2016,8/25/2016,N/A,11,53,7,2.287,3.862,277.933,36.933,218.657,7.882,195.289,N/A,152,5.595,191.427,
Town Pond,,8/17/2016,8/25/2016,N/A,12,8,2,2.267,4.01,191.718,25.696,154.718,6.735,133.701,F,128,4.468,129.691,
Town Pond,,8/17/2016,8/25/2016,N/A,13,18,5,2.274,3.944,250.241,34.669,196.475,8.42,163.068,N/A,209,6.146,159.124,
Town Pond,,8/17/2016,8/25/2016,N/A,14,13,8,2.277,4.017,219.585,36.06,179.847,8.051,165.955,N/A,144,5.774,161.938,
Town Pond,,8/17/2016,8/25/2016,N/A,15,12,3,2.3,4.117,352.904,42.711,280.609,10.25,256.426,N/A,167,7.95,252.309,
Town Pond,,8/17/2016,8/25/2016,N/A,16,10,96,2.261,3.9,291.374,41.29,224.27,6.729,202.624,N/A,121,4.468,198.724,
Town Pond,,8/17/2016,8/25/2016,N/A,17,20,9,2.293,3.839,211.692,34.75,163.386,8.218,143.26,N/A,151,5.925,139.421,
Town Pond,,8/17/2016,8/25/2016,N/A,18,97,98,2.122,3.824,208.009,27.282,164.373,6.033,131.088,N/A,169,3.911,127.264,
Town Pond,,8/17/2016,8/25/2016,N/A,19,99,27,2.147,3.833,245.662,31.825,183.191,5.748,146.822,N/A,138,3.601,142.989,
Town Pond,,8/17/2016,8/25/2016,N/A,20,113,12,2.279,4.012,166.273,20.444,135.469,5.286,112.114,N/A,136,3.007,108.102,
Town Pond,,8/17/2016,8/25/2016,N/A,21,26,13,2.265,3.951,230.085,27.876,177.891,5.529,164.047,N/A,218,3.264,160.096,
Winnapaug EQIP,EQIP,8/16/2016,8/22/2016,1,1,8,10,2.086,3.785,193.822,22.088,149.12,6.395,127.595,N/A,140,4.309,123.81,
Winnapaug EQIP,EQIP,8/16/2016,8/22/2016,1,2,255,4,2.05,3.944,224.645,28.463,177.265,6.13,160.054,N/A,152,4.08,156.11,
Winnapaug EQIP,EQIP,8/16/2016,8/22/2016,1,3,258,22,2.278,3.87,130.444,20.677,94.79,5.893,72.537,N/A,116,3.615,68.667,
Winnapaug EQIP,EQIP,8/16/2016,8/22/2016,1,4,51,19,2.174,3.976,89.091,14.092,68.747,4.093,54.845,F,90,1.919,50.869,
Winnapaug EQIP,EQIP,8/16/2016,8/22/2016,1,5,47,20,2.272,3.758,193.897,25.622,147.319,5.992,129.363,N/A,120,3.72,125.605,
Winnapaug EQIP,EQIP,8/16/2016,8/22/2016,1,6,2,25,2.284,3.935,155.639,22.459,111.508,5.067,96.496,N/A,140,2.783,92.561,
Winnapaug EQIP,EQIP,8/16/2016,8/22/2016,1,7,48,16,2.08,4.014,216.429,27.33,153.23,6.285,127.261,N/A,182,4.205,123.247,
Winnapaug EQIP,EQIP,8/16/2016,8/22/2016,1,8,36,15,2.116,3.897,179.701,29.651,133.755,7.1,109.401,N/A,124,4.984,105.504,
Winnapaug EQIP,EQIP,8/16/2016,8/22/2016,1,9,16,24,2.076,3.893,77.311,13.713,58.498,3.75,50.926,M,98,1.674,47.033,
Winnapaug EQIP,EQIP,8/16/2016,8/22/2016,1,10,49,30,2.14,3.84,114.176,17.755,88.419,4.643,70.474,N/A,109,2.503,66.634,
Winnapaug EQIP,EQIP,8/16/2016,8/23/2016,2,1,17,7,2.08,3.852,254.7,33.011,193.621,8.631,166.691,N/A,164,6.551,162.839,
Winnapaug EQIP,EQIP,8/16/2016,8/23/2016,2,2,25,2,2.278,4,248.3,36.691,192.425,8.76,157.602,N/A,146,6.482,153.602,
Winnapaug EQIP,EQIP,8/16/2016,8/23/2016,2,3,18,1,2.267,3.915,300.04,33.746,230.931,7.324,201.461,N/A,174,5.057,197.546,
Winnapaug EQIP,EQIP,8/16/2016,8/23/2016,2,4,26,8,2.027,4.022,63.306,11.771,48.786,3.947,42.992,M,74,1.92,38.97,
Winnapaug EQIP,EQIP,8/16/2016,8/23/2016,2,5,27,3,2.072,4.125,50.833,10.776,39.047,3.392,30.597,F,69,1.32,26.472,
Winnapaug EQIP,EQIP,8/16/2016,8/23/2016,3,1,10,13,2.155,3.945,167.149,24.26,136.829,6.228,118.72,N/A,169,4.073,114.775,
Winnapaug EQIP,EQIP,8/16/2016,8/23/2016,3,2,56,9,2.244,3.835,201.481,28.866,146.354,5.672,125.799,N/A,147,3.428,121.964,
Winnapaug EQIP,EQIP,8/16/2016,8/23/2016,3,3,54,99,2.194,3.998,292.87,38.803,227.966,7.528,209.5,F,187,5.334,205.502,
Winnapaug EQIP,EQIP,8/16/2016,8/23/2016,3,4,360,98,2.267,3.829,90.466,16.067,68.595,4.324,59.403,N/A,88,2.057,55.574,
Winnapaug EQIP,EQIP,8/16/2016,8/23/2016,3,5,34,97,2.146,3.811,148.763,22.382,104.045,5.63,91.718,N/A,113,3.484,87.907,
Winnapaug EQIP,EQIP,8/16/2016,8/23/2016,3,6,33,96,2.095,3.902,111.875,17.236,78.401,4.145,66.05,N/A,119,2.05,62.148,
Winnapaug EQIP,EQIP,8/16/2016,8/23/2016,N/A,1,44,21,2.112,3.831,164.806,27.514,124.498,7.296,93.712,N/A,144,5.184,89.881,
Winnapaug EQIP,EQIP,8/16/2016,8/23/2016,N/A,2,16,19,2.278,3.819,151.281,16.554,112.987,3.861,100.478,N/A,125,1.583,96.659,
Winnapaug EQIP,EQIP,8/16/2016,8/23/2016,N/A,3,18,95,2.055,4.2,196.747,24.159,150.681,3.845,126.8,N/A,173,1.79,122.6,
Winnapaug EQIP,EQIP,8/16/2016,8/23/2016,N/A,4,14,94,2.258,4.155,190.895,29.71,143.243,7.147,131.602,N/A,147,4.889,127.447,
Winnapaug EQIP,EQIP,8/16/2016,8/23/2016,N/A,5,12,93,2.27,4.139,218.505,27.58,173.338,7.132,148.605,N/A,168,4.862,144.466,
Winnapaug EQIP,EQIP,8/16/2016,8/23/2016,N/A,6,22,92,2.285,4.148,367.197,48.365,265.832,8.026,222.054,N/A,168,5.741,217.906,
Winnapaug EQIP,EQIP,8/16/2016,8/23/2016,N/A,7,7,91,2.289,4.082,196.906,27.137,157.534,7.035,135.359,N/A,112,4.746,131.277,
Winnapaug EQIP,EQIP,8/16/2016,8/23/2016,N/A,8,54,90,2.234,4.165,167.613,22.628,134.784,7.009,123.529,N/A,147,4.775,119.364,
Winnapaug EQIP,EQIP,8/16/2016,8/23/2016,N/A,9,35,89,2.183,4.178,163.796,22.478,128.874,5.963,118.45,N/A,134,3.78,114.272,
Winnapaug EQIP,EQIP,8/16/2016,8/23/2016,N/A,10,38,88,2.276,4.12,178.586,24.502,130.78,5.327,121.45,N/A,140,3.051,117.33,
Winnapaug EQIP,EQIP,8/16/2016,8/23/2016,N/A,11,83,87,2.299,4.121,243.566,32.991,181.148,6.717,163.29,N/A,165,4.418,159.169,
Winnapaug EQIP,EQIP,8/16/2016,8/23/2016,N/A,12,23,86,2.08,4.153,161.506,26.079,118.093,4.335,104.166,N/A,151,2.255,100.013,
Winnapaug EQIP,EQIP,8/16/2016,8/23/2016,N/A,13,2,85,2.243,4.152,182.192,26.057,136.756,6.407,125.135,N/A,133,4.164,120.983,
Winnapaug EQIP,EQIP,8/16/2016,8/23/2016,N/A,14,22,84,2.113,4.132,291.997,42.945,208.052,10.257,177.055,N/A,185,8.144,172.923,
Winnapaug EQIP,EQIP,8/16/2016,8/23/2016,N/A,15,11,83,2.292,4.169,169.315,20.926,136.947,5.656,123.527,N/A,134,3.364,119.358,
Winnapaug EQIP,EQIP,8/16/2016,8/23/2016,N/A,16,53,82,2.599,4.162,163.041,28.851,109.928,5.939,90.374,N/A,125,3.34,86.212,
Winnapaug EQIP,EQIP,8/16/2016,8/23/2016,N/A,17,149,81,2.073,4.161,186.013,20.734,144.847,5.149,130.095,N/A,159,3.076,125.934,
Winnapaug EQIP,EQIP,8/16/2016,8/23/2016,N/A,18,13,80,2.286,4.162,163.887,21.804,127.703,5.194,99.556,N/A,155,2.908,95.394,
Winnapaug EQIP,EQIP,8/16/2016,8/23/2016,N/A,19,28,79,2.286,4.069,169.66,26.31,113.355,5.958,115.209,N/A,114,3.672,111.14,
Winnapaug EQIP,EQIP,8/16/2016,8/23/2016,N/A,20,71,78,2.184,4.11,366.248,54.098,306.481,10.24,260.99,N/A,223,8.056,256.88,"During shucking, some water dripped out (Total Mass questionable)"
Winnapaug EQIP,EQIP,8/16/2016,8/23/2016,N/A,21,43,77,2.264,4.14,220.699,39.583,162.289,7.369,141.017,N/A,152,5.105,136.877,
Winnapaug EQIP,EQIP,8/16/2016,8/23/2016,N/A,22,62,76,2.292,4.072,115.095,20.118,101.698,3.935,83.579,N/A,119,1.643,79.507,
Winnapaug EQIP,EQIP,8/16/2016,8/23/2016,N/A,23,4,75,2.087,4.119,197.349,39.101,142.46,6.492,132.656,N/A,144,4.405,128.537,
Winnapaug EQIP,EQIP,8/16/2016,8/23/2016,N/A,24,31,74,2.134,4.129,150.635,24.324,111.565,5.361,96.172,N/A,133,3.227,92.043,
Winnapaug EQIP,EQIP,8/16/2016,8/23/2016,N/A,25,15,73,2.245,4.153,175.524,31.889,120.32,5.511,99.449,N/A,135,3.266,95.296,
Winnapaug EQIP,EQIP,8/16/2016,8/23/2016,N/A,26,10,72,2.233,4.177,181.662,35.339,136.637,6.499,113.748,N/A,117,4.266,109.571,
Winnapaug EQIP,EQIP,8/16/2016,8/23/2016,N/A,27,22,71,2.276,4.181,247.557,38.141,190.148,7.261,165.013,N/A,153,4.985,160.832,
Winnapaug EQIP,EQIP,8/16/2016,8/23/2016,N/A,28,11,70,1.997,4.174,95.178,19.301,69.929,4.753,58.276,N/A,92,2.756,54.102,
Winnapaug EQIP,EQIP,8/16/2016,8/23/2016,N/A,29,99,69,2.29,4.157,235.76,43.651,176.703,9.369,150.721,N/A,123,7.079,146.564,
Winnapaug EQIP,EQIP,8/16/2016,8/23/2016,N/A,30,7,68,2.035,4.16,203.969,34.43,114.349,6.552,116.874,N/A,123,4.517,112.714,
Winnapaug EQIP,EQIP,8/16/2016,8/23/2016,N/A,31,25,67,2.119,4.155,164.854,24.082,129.279,6.107,116.124,N/A,138,3.988,111.969,
Winnapaug EQIP,EQIP,8/16/2016,8/23/2016,N/A,32,4,66,2.224,4.135,147.274,18.042,122.237,4.655,98.416,N/A,109,2.431,94.281,
Ninigret FHE,FHE,8/17/2016,8/25/2016,1,1,304,45,1.033,2.1,35.309,6.11,27.797,2.148,26.215,M,70,1.115,24.115,
Ninigret FHE,FHE,8/17/2016,8/25/2016,1,2,308,9,1.025,2.268,38.17,7.55,29.678,2.458,26.719,N/A,66,1.433,24.451,
Ninigret FHE,FHE,8/17/2016,8/25/2016,1,3,309,44,1.017,2.285,29.341,5.043,25.621,1.824,21.942,N/A,45,0.807,19.657,
Ninigret FHE,FHE,8/17/2016,8/25/2016,1,4,310,29,1.03,2.271,14.048,3.887,13.075,1.563,12.322,N/A,46,0.533,10.051,
Ninigret FHE,FHE,8/17/2016,8/25/2016,1,5,295,43,1.017,2.263,36.088,4.751,31.896,1.736,28.579,N/A,57,0.719,26.316,
Ninigret FHE,FHE,8/17/2016,8/25/2016,1,6,294,42,1.029,2.134,21.857,3.805,19.583,1.542,17.936,N/A,54,0.513,15.802,
Ninigret FHE,FHE,8/17/2016,8/27/2016,2,1,25,20,0.947,2.079,35.547,7.058,30.049,2.219,26.847,M,80,1.272,24.768,
Ninigret FHE,FHE,8/17/2016,8/27/2016,2,2,77,19,0.979,2.283,32.309,5.458,29.618,1.903,27.489,M,69,0.924,25.206,
Ninigret FHE,FHE,8/17/2016,8/27/2016,2,3,81,33,0.944,2.278,37.03,5.949,33.371,1.945,30.544,N/A,59,1.001,28.266,on small shell
Ninigret FHE,FHE,8/17/2016,8/27/2016,2,4,23,278,0.953,1.03,13.591,3.262,12.131,1.376,11.143,N/A,51,0.423,10.113,
Ninigret FHE,FHE,8/17/2016,8/27/2016,2,5,132,17,1.29,1.318,5.326,1.837,5.519,1.375,5.156,N/A,33,0.085,3.838,part of shell missing
Ninigret FHE,FHE,8/17/2016,8/27/2016,2,6,329,339,0.985,1.002,16.182,2.852,15.06,1.312,13.289,N/A,49,0.327,12.287,on small shell
Ninigret FHE,FHE,8/17/2016,8/27/2016,2,7,82,275,0.981,1.009,5.909,1.424,6.396,1.063,6.065,N/A,36,0.082,5.056,
Ninigret FHE,FHE,8/17/2016,8/27/2016,2,8,21,5,1.328,2.142,14.192,4.135,11.576,1.927,10.735,M,53,0.599,8.593,
Ninigret FHE,FHE,8/17/2016,8/27/2016,2,9,185,118,1.312,1.312,6.159,2.495,5.621,1.534,5.232,M,44,0.222,3.92,part of shell missing
Ninigret FHE,FHE,8/17/2016,8/27/2016,2,10,34,13,1.307,2.119,34.967,7.106,29.205,2.317,27.422,N/A,72,1.01,25.303,
Ninigret FHE,FHE,8/17/2016,8/27/2016,2,11,55,30,1.31,1.312,19.623,4.516,17.183,1.932,16.341,M,50,0.622,15.029,
Ninigret FHE,FHE,8/17/2016,8/27/2016,2,12,51,83,1.313,1.326,11.97,3.212,11.211,1.676,10.558,M,46,0.363,9.232,
Ninigret FHE,FHE,8/17/2016,8/27/2016,2,13,95,186,1.306,1.313,15.584,3.858,13.972,1.871,12.89,M,51,0.565,11.577,
Ninigret FHE,FHE,8/17/2016,8/27/2016,2,14,266,343,1.025,0.984,29.778,5.672,24.327,1.939,22.05,M,61,0.914,21.066,
Ninigret FHE,FHE,8/17/2016,8/27/2016,2,15,28,128,0.944,0.978,19.25,3.526,16.981,1.39,15.723,N/A,62,0.446,14.745,
Ninigret FHE,FHE,8/17/2016,8/27/2016,2,16,68,24,0.951,2.189,49.006,9.692,39.437,2.447,36.18,N/A,69,1.496,33.991,on small shell
Ninigret FHE,FHE,8/17/2016,8/27/2016,2,17,227,39,1.019,0.94,13.655,2.947,12.502,1.444,11.775,M,52,0.425,10.835,
Ninigret FHE,FHE,8/17/2016,8/27/2016,2,18,85,57,0.948,1.319,15.609,2.275,14.193,1.447,13.283,N/A,53,0.499,11.964,
Ninigret FHE,FHE,8/17/2016,8/27/2016,2,19,48,145,0.953,1.314,24.859,4.956,21.603,1.788,20.218,N/A,54,0.835,18.904,
Ninigret FHE,FHE,8/17/2016,8/27/2016,2,20,86,65,0.944,2.249,43.426,8.033,36.836,2.315,34.752,M,67,1.371,32.503,
Ninigret FHE,FHE,8/17/2016,8/27/2016,2,21,,,,,,,,,,,59,,,
Ninigret FHE,FHE,8/17/2016,8/27/2016,2,22,,,,,,,,,,,52,,,
Ninigret FHE,FHE,8/17/2016,8/27/2016,2,23,,,,,,,,,,,66,,,
Ninigret FHE,FHE,8/17/2016,8/27/2016,2,24,,,,,,,,,,,66,,,
Ninigret FHE,FHE,8/17/2016,8/27/2016,2,25,,,,,,,,,,,47,,,
Ninigret FHE,FHE,8/17/2016,8/27/2016,2,26,,,,,,,,,,,37,,,
Ninigret FHE,FHE,8/17/2016,8/27/2016,2,27,,,,,,,,,,,44,,,
Ninigret FHE,FHE,8/17/2016,8/27/2016,2,28,,,,,,,,,,,38,,,
Ninigret FHE,FHE,8/17/2016,8/27/2016,2,29,,,,,,,,,,,50,,,
Ninigret FHE,FHE,8/17/2016,8/27/2016,2,30,,,,,,,,,,,63,,,
Ninigret FHE,FHE,8/17/2016,8/27/2016,2,31,,,,,,,,,,,40,,,
Ninigret FHE,FHE,8/17/2016,8/27/2016,2,32,,,,,,,,,,,47,,,
Ninigret FHE,FHE,8/17/2016,8/27/2016,2,33,,,,,,,,,,,39,,,
Ninigret FHE,FHE,8/17/2016,8/27/2016,2,34,,,,,,,,,,,30,,,
Ninigret FHE,FHE,8/17/2016,8/27/2016,2,35,,,,,,,,,,,34,,,
Ninigret FHE,FHE,8/17/2016,8/27/2016,2,36,,,,,,,,,,,37,,,
Ninigret FHE,FHE,8/17/2016,8/27/2016,2,37,,,,,,,,,,,48,,,
Ninigret FHE,FHE,8/17/2016,8/27/2016,2,38,,,,,,,,,,,41,,,
Ninigret FHE,FHE,8/17/2016,8/27/2016,2,39,,,,,,,,,,,59,,,
Ninigret FHE,FHE,8/17/2016,8/27/2016,2,40,,,,,,,,,,,45,,,
Ninigret FHE,FHE,8/17/2016,8/27/2016,2,41,,,,,,,,,,,45,,,
Ninigret FHE,FHE,8/17/2016,8/27/2016,2,42,,,,,,,,,,,40,,,
Ninigret FHE,FHE,8/17/2016,8/27/2016,2,43,,,,,,,,,,,28,,,
Ninigret FHE,FHE,8/17/2016,8/27/2016,2,44,,,,,,,,,,,43,,,
Ninigret FHE,FHE,8/17/2016,8/27/2016,2,45,,,,,,,,,,,27,,,
Ninigret FHE,FHE,8/17/2016,8/27/2016,2,46,,,,,,,,,,,34,,,
Ninigret FHE,FHE,8/17/2016,8/27/2016,2,47,,,,,,,,,,,45,,,
Ninigret FHE,FHE,8/17/2016,8/27/2016,2,48,,,,,,,,,,,42,,,
Ninigret FHE,FHE,8/17/2016,8/27/2016,2,49,,,,,,,,,,,50,,,
Ninigret FHE,FHE,8/17/2016,8/27/2016,2,50,,,,,,,,,,,46,,,
Ninigret FHE,FHE,8/17/2016,8/27/2016,2,51,,,,,,,,,,,52,,,
Ninigret FHE,FHE,8/17/2016,8/27/2016,2,52,,,,,,,,,,,53,,,
Ninigret FHE,FHE,8/17/2016,8/27/2016,2,53,,,,,,,,,,,50,,,
Ninigret FHE,FHE,8/17/2016,8/27/2016,2,54,,,,,,,,,,,65,,,
Ninigret FHE,FHE,8/17/2016,8/27/2016,2,55,,,,,,,,,,,62,,,
Ninigret FHE,FHE,8/17/2016,8/27/2016,2,56,,,,,,,,,,,39,,,
Ninigret FHE,FHE,8/17/2016,8/27/2016,2,57,,,,,,,,,,,37,,,
Ninigret FHE,FHE,8/17/2016,8/27/2016,2,58,,,,,,,,,,,50,,,
Ninigret FHE,FHE,8/17/2016,8/27/2016,2,59,,,,,,,,,,,35,,,
Ninigret FHE,FHE,8/17/2016,8/27/2016,2,60,,,,,,,,,,,46,,,
Ninigret FHE,FHE,8/17/2016,8/27/2016,2,61,,,,,,,,,,,48,,,
Ninigret FHE,FHE,8/17/2016,8/27/2016,2,62,,,,,,,,,,,51,,,
Ninigret FHE,FHE,8/17/2016,8/27/2016,2,63,,,,,,,,,,,41,,,
Ninigret FHE,FHE,8/17/2016,8/27/2016,2,64,,,,,,,,,,,33,,,
Ninigret FHE,FHE,8/17/2016,8/27/2016,2,65,,,,,,,,,,,22,,,
Ninigret FHE,FHE,8/17/2016,8/27/2016,2,66,,,,,,,,,,,27,,,
Ninigret FHE,FHE,8/17/2016,8/27/2016,2,67,,,,,,,,,,,48,,,
Ninigret FHE,FHE,8/17/2016,8/27/2016,2,68,,,,,,,,,,,24,,,
Ninigret FHE,FHE,8/17/2016,8/27/2016,2,69,,,,,,,,,,,32,,,
Ninigret FHE,FHE,8/17/2016,8/27/2016,2,70,,,,,,,,,,,51,,,
Ninigret FHE,FHE,8/17/2016,8/27/2016,2,71,,,,,,,,,,,55,,,
Ninigret FHE,FHE,8/17/2016,8/27/2016,2,72,,,,,,,,,,,41,,,
Ninigret FHE,FHE,8/17/2016,8/26/2016,3,1,307,3,1.024,2.081,41.71,6.353,33.673,2.143,31.145,N/A,66,1.119,29.064,on shell
Ninigret FHE,FHE,8/17/2016,8/26/2016,3,2,1,34,1.311,2.278,40.503,5.892,37.264,2.219,35.592,M,73,0.908,33.314,
Ninigret FHE,FHE,8/17/2016,8/26/2016,3,3,45,38,1.312,2.274,19.232,4.669,17.521,2,16.645,N/A,65,0.688,14.371,
Ninigret FHE,FHE,8/17/2016,8/26/2016,3,4,289,49,0.971,2.282,112.705,5.842,107.744,1.658,102.143,N/A,66,0.687,99.861,on shell
Ninigret FHE,FHE,8/17/2016,8/26/2016,3,5,40,99,1.308,2.252,63.204,9.804,56.075,3.334,51.904,N/A,77,2.026,49.652,
Ninigret FHE,FHE,8/17/2016,8/26/2016,3,6,288,32,1.035,2.237,30.044,4.991,26.564,1.852,25.055,M,47,0.817,22.818,on shell
Ninigret FHE,FHE,8/17/2016,8/26/2016,3,7,293,2,1.027,2.125,54.18,10.655,46.055,2.966,43.472,N/A,90,1.939,41.347,
Ninigret FHE,FHE,8/17/2016,8/26/2016,3,8,299,17,1.021,2.272,30.287,7.252,25.846,2.071,23.786,M,69,1.05,21.514,
Ninigret FHE,FHE,8/17/2016,8/26/2016,3,9,306,66,0.963,2.144,21.269,4.548,19.241,1.708,17.277,M,45,0.745,15.133,
Ninigret FHE,FHE,8/17/2016,8/26/2016,3,10,300,100,1.025,2.235,21.944,5.642,18.98,1.914,16.868,M,59,0.889,14.633,
Ninigret FHE,FHE,8/17/2016,8/26/2016,3,11,292,22,1.031,2.118,13.628,3.981,12.603,1.614,11.584,N/A,52,0.583,9.466,shell cracked
Ninigret FHE,FHE,8/17/2016,8/26/2016,3,12,264,37,1.01,2.062,19.223,4.937,16.844,1.855,15.175,N/A,52,0.845,13.113,
Ninigret FHE,FHE,8/17/2016,8/26/2016,3,13,204,68,1.001,2.275,41.735,7.145,34.09,2.189,32.262,N/A,63,1.188,29.987,on shell
Ninigret FHE,FHE,8/17/2016,8/26/2016,3,14,311,64,1.033,2.115,16.84,4.301,15.018,1.651,13.907,M,55,0.618,11.792,
Ninigret FHE,FHE,8/17/2016,8/26/2016,3,15,58,72,1.313,2.289,32.948,7.675,25.794,2.579,23.339,N/A,75,1.266,21.05,
Ninigret FHE,FHE,8/17/2016,8/26/2016,3,16,240,71,0.955,2.206,28.499,4.335,24.182,1.505,22.55,N/A,53,0.55,20.344,on small shell
Ninigret FHE,FHE,8/17/2016,8/26/2016,3,17,305,70,0.963,2.153,24.83,4.264,22.982,1.665,21.446,M,61,0.702,19.293,on shell
Ninigret FHE,FHE,8/17/2016,8/26/2016,3,18,291,69,0.954,1.998,22.977,4.494,20.365,1.663,18.752,N/A,56,0.709,16.754,on shell
Ninigret FHE,FHE,8/17/2016,8/26/2016,3,19,206,67,1.019,2.146,10.703,2.943,10.572,1.435,9.93,M,38,0.416,7.784,
Ninigret FHE,FHE,8/17/2016,8/26/2016,3,20,297,14,0.977,2.249,24.443,6.194,21.196,2.067,20.193,N/A,54,1.09,17.944,
Ninigret FHE,FHE,8/17/2016,8/26/2016,3,21,233,30,1.036,2.297,35.717,7.787,30.917,2.415,28.46,F,86,1.379,26.163,
Ninigret FHE,FHE,8/17/2016,8/26/2016,3,22,301,31,1.03,2.084,1.552,1.194,3.223,1.053,3.115,N/A,21,0.023,1.031,
Ninigret FHE,FHE,8/17/2016,8/26/2016,3,23,219,302,1.005,1.025,N/A,1.584,3.146,1.083,3.022,N/A,34,0.078,1.997,"half shell, broke off on shell attached"
Ninigret FHE,FHE,8/17/2016,8/26/2016,3,24,290,53,0.977,0.95,2.904,1.432,3.283,1.058,3.085,N/A,35,0.081,2.135,
Ninigret FHE,FHE,8/17/2016,8/26/2016,3,25,296,244,1.015,0.958,1.045,1.197,1.774,1.045,1.713,N/A,19,0.03,0.755,
Ninigret FHE,FHE,8/17/2016,8/26/2016,3,26,298,303,0.964,1.012,7.592,2.288,7.135,1.236,6.384,M,43,0.272,5.372,
Ninigret FHE,FHE,8/17/2016,8/26/2016,3,27,232,65,1.02,1.301,3.773,1.668,4.344,1.133,4.013,N/A,38,0.113,2.712,
Ninigret FHE,FHE,8/17/2016,8/26/2016,3,28,80,173,1.309,1.323,5.815,2.089,6.322,1.428,5.89,N/A,42,0.119,4.567,
Ninigret FHE,FHE,8/17/2016,8/26/2016,3,29,84,202,1.314,0.969,4.086,2.116,4.13,1.377,3.838,N/A,33,0.063,2.869,
Ninigret FHE,FHE,8/17/2016,8/26/2016,3,30,89,165,0.984,1.329,2.701,1.314,3.66,1.038,3.472,N/A,27,0.054,2.143,
Ninigret FHE,FHE,8/17/2016,8/26/2016,3,31,228,60,1.021,1.322,1.72,1.24,2.782,1.053,2.667,N/A,31,0.032,1.345,
Ninigret FHE,FHE,8/17/2016,8/26/2016,3,32,84,285,1.31,1.014,1.759,1.594,2.428,1.362,2.319,N/A,29,0.052,1.305,
Foster Cove,Natural,8/31/2016,9/1/2016,1,1,275,24,1.014,2.188,41.828,6.211,35.34,2.003,33.452,M,54,0.989,31.264,
Foster Cove,Natural,8/31/2016,9/1/2016,1,2,343,31,0.983,2.084,45.445,7.773,36.148,2.365,33.679,M,71,1.382,31.595,
Foster Cove,Natural,8/31/2016,9/1/2016,1,3,285,278,1.013,1.03,17.133,3.602,14.086,1.406,13.099,M,50,0.393,12.069,
Foster Cove,Natural,8/31/2016,9/1/2016,1,4,145,30,1.315,2.298,31.236,5.512,26.824,2.119,25.008,M,63,0.804,22.71,
Foster Cove,Natural,8/31/2016,9/1/2016,1,5,339,14,1.003,2.25,37.248,5.744,31.781,2.068,30.623,M,52,1.065,28.373,
Foster Cove,Natural,8/31/2016,9/1/2016,1,6,,,,,,,,,,,22,,,
Foster Cove,Natural,8/31/2016,9/1/2016,1,7,,,,,,,,,,,22,,,
Foster Cove,Natural,8/31/2016,9/1/2016,1,8,,,,,,,,,,,13,,,
Foster Cove,Natural,8/31/2016,9/1/2016,2,1,83,118,1.326,1.31,31.215,4.321,27.153,1.941,25.893,M,50,0.615,24.583,"Dropped when measuring wet tissue ""dropped after, 27.134"""
Foster Cove,Natural,8/31/2016,9/1/2016,2,2,39,57,0.943,1.319,34.782,5.415,28.161,1.688,26.226,F,60,0.745,24.907,
Foster Cove,Natural,8/31/2016,9/1/2016,2,3,303,244,1.015,0.963,46.639,6.683,38.49,2.168,36.503,M,63,1.153,35.54,
Foster Cove,Natural,8/31/2016,9/1/2016,2,4,53,302,0.95,1.024,29.419,4.588,24.705,1.58,23.978,F,49,0.63,22.954,on small rock
Foster Cove,Natural,8/31/2016,9/1/2016,2,5,,,,,,,,,,,17,,,
Foster Cove,Natural,8/31/2016,9/1/2016,2,6,,,,,,,,,,,25,,,
Foster Cove,Natural,8/31/2016,9/1/2016,2,7,,,,,,,,,,,26,,,
Foster Cove,Natural,8/31/2016,9/1/2016,2,8,,,,,,,,,,,16,,,
Foster Cove,Natural,8/31/2016,9/1/2016,2,9,,,,,,,,,,,17,,,
Foster Cove,Natural,8/31/2016,9/1/2016,2,10,,,,,,,,,,,13,,,
Foster Cove,Natural,8/31/2016,9/1/2016,3,1,30,67,1.31,2.129,178.214,22.621,138.314,5.496,132.151,N/A,97,4.186,130.022,
Foster Cove,Natural,8/31/2016,9/1/2016,3,2,60,165,1.319,1.329,16.765,3.715,14.786,1.845,13.789,N/A,52,0.526,12.46,
Foster Cove,Natural,8/31/2016,9/1/2016,3,3,202,69,0.97,1.999,31.203,5.318,26.339,1.768,25.087,M,64,0.798,23.088,
Foster Cove,Natural,8/31/2016,9/1/2016,3,4,173,70,1.323,2.153,33.658,5.468,28.383,2.166,25.031,N/A,62,0.843,22.878,
Foster Cove,Natural,8/31/2016,9/1/2016,3,5,65,71,1.301,2.213,40.417,6.178,34.192,2.224,30.396,F,59,0.923,28.183,
Foster Cove,Natural,8/31/2016,9/1/2016,3,6,128,37,0.977,2.069,35.348,5.571,30.174,1.98,29.167,M,60,1.003,27.098,
Foster Cove,Natural,8/31/2016,9/1/2016,3,7,186,17,1.315,1.32,27.293,4.433,23.158,1.92,21.948,M,53,0.605,20.628,
Foster Cove,Natural,8/31/2016,9/1/2016,3,8,,,,,,,,,,,14,,,
Foster Cove,Natural,8/31/2016,9/1/2016,3,9,,,,,,,,,,,8,,,
Foster Cove,Natural,8/31/2016,9/1/2016,3,10,,,,,,,,,,,9,,,
Foster Cove,Natural,8/31/2016,9/1/2016,3,11,,,,,,,,,,,13,,,
Foster Cove,Natural,8/31/2016,9/1/2016,3,12,,,,,,,,,,,31,,,
Foster Cove,Natural,8/31/2016,9/1/2016,3,13,,,,,,,,,,,10,,,
Foster Cove,Natural,8/31/2016,9/1/2016,3,14,,,,,,,,,,,12,,,
Foster Cove,Natural,8/31/2016,9/1/2016,3,15,,,,,,,,,,,15,,,
Foster Cove,Natural,8/31/2016,9/1/2016,3,16,,,,,,,,,,,16,,,
Foster Cove,Natural,8/31/2016,9/1/2016,3,17,,,,,,,,,,,15,,,
Foster Cove,Natural,8/31/2016,9/1/2016,3,18,,,,,,,,,,,14,,,
Foster Cove,Natural,8/31/2016,9/1/2016,3,19,,,,,,,,,,,21,,,
Foster Cove,Natural,8/31/2016,9/1/2016,3,20,,,,,,,,,,,9,,,
Foster Cove,Natural,8/31/2016,9/1/2016,3,21,,,,,,,,,,,8,,,
Foster Cove,Natural,8/31/2016,9/1/2016,3,22,,,,,,,,,,,12,,,
Foster Cove,Natural,8/31/2016,9/1/2016,3,23,,,,,,,,,,,19,,,
Foster Cove,Natural,8/31/2016,9/1/2016,4,1,58,28,1.312,0.942,20.721,3.756,17.239,1.769,15.464,M,54,0.457,14.522,
Foster Cove,Natural,8/31/2016,9/1/2016,4,2,51,22,1.313,2.118,36.345,5.592,33.781,2.156,29.883,M,61,0.843,27.765,on shell
Foster Cove,Natural,8/31/2016,9/1/2016,4,3,89,291,0.983,0.954,14.098,2.967,11.873,1.343,10.805,M,41,0.36,9.851,
Foster Cove,Natural,8/31/2016,9/1/2016,4,4,297,68,0.98,2.276,58.131,8.494,48.024,2.468,44.079,N/A,66,1.488,41.803,
Foster Cove,Natural,8/31/2016,9/1/2016,4,5,295,309,1.016,1.02,16.444,3.267,14.072,1.479,12.406,F,49,0.463,11.386,small rock on
Foster Cove,Natural,8/31/2016,9/1/2016,5,1,294,72,1.029,2.291,59.966,7.053,50.56,2.309,47.262,M,65,1.28,44.971,
Foster Cove,Natural,8/31/2016,9/1/2016,5,2,1,64,1.313,2.117,49.09,8.015,38.688,2.82,36.607,M,64,1.507,34.49,
Foster Cove,Natural,8/31/2016,9/1/2016,5,3,329,66,0.987,2.145,26.012,4.645,22.942,1.588,20.38,N/A,70,0.601,18.235,missing small part of shell
Foster Cove,Natural,8/31/2016,9/1/2016,5,4,296,307,1.016,1.027,19.725,3.732,16.506,1.518,15.425,M,49,0.502,14.398,
Foster Cove,Natural,8/31/2016,9/1/2016,5,5,23,21,0.954,1.326,19.338,3.405,17.189,1.497,15.802,M,55,0.543,14.476,
Foster Cove,Natural,8/31/2016,9/1/2016,5,6,80,17,1.31,2.275,36.163,6.383,29.266,2.267,27.599,M,61,0.957,25.324,
Foster Cove,Natural,8/31/2016,9/1/2016,5,7,301,310,1.029,1.031,20.731,4.051,16.653,1.578,15.55,M,45,0.549,14.519,
Foster Cove,Natural,8/31/2016,9/1/2016,5,8,83,308,0.945,1.027,24.413,4.202,20.713,1.57,19.949,M,51,0.625,18.922,
Foster Cove,Natural,8/31/2016,9/1/2016,5,9,264,292,1.013,1.032,40.084,4.188,36.342,1.71,34.983,M,50,0.697,33.951,ON LARGE ROCK
Foster Cove,Natural,8/31/2016,9/1/2016,5,10,76,100,0.983,2.235,41.152,6.489,34.371,2.2,32.765,N/A,65,1.217,30.53,
Foster Cove,Natural,8/31/2016,9/1/2016,5,11,103,137,1.316,1.302,23.725,4.082,20.755,1.886,19.972,N/A,49,0.57,18.67,
Foster Cove,Natural,8/31/2016,9/1/2016,5,12,,,,,,,,,,,14,,,
Foster Cove,Natural,8/31/2016,9/1/2016,5,13,,,,,,,,,,,9,,,
Foster Cove,Natural,8/31/2016,9/1/2016,5,14,,,,,,,,,,,11,,,
Foster Cove,Natural,8/31/2016,9/1/2016,5,15,,,,,,,,,,,6,,,
Foster Cove,Natural,8/31/2016,9/1/2016,5,16,,,,,,,,,,,10,,,
Foster Cove,Natural,8/31/2016,9/1/2016,5,17,,,,,,,,,,,13,,,
Foster Cove,Natural,8/31/2016,9/1/2016,5,18,,,,,,,,,,,7,,,
Foster Cove,Natural,8/31/2016,9/1/2016,5,19,,,,,,,,,,,5,,,
Foster Cove,Natural,8/31/2016,9/1/2016,5,20,,,,,,,,,,,10,,,
Foster Cove,Natural,8/31/2016,9/1/2016,5,21,,,,,,,,,,,8,,,
Foster Cove,Natural,8/31/2016,9/1/2016,N/A,1,152,121,0.959,1.312,34.582,5.654,26.858,1.739,23.814,M,54,0.78,22.502,
Foster Cove,Natural,8/31/2016,9/1/2016,N/A,2,119,32,0.98,2.243,42.019,7.858,33.274,2.414,31.049,M,70,1.434,28.806,
Foster Cove,Natural,8/31/2016,9/1/2016,N/A,3,143,38,1.316,2.275,52.126,8.549,42.075,2.91,39.689,M,70,1.594,37.414,
Foster Cove,Natural,8/31/2016,9/1/2016,N/A,4,99,34,1.322,2.28,30.475,4.382,24.706,1.855,22.839,N/A,62,0.533,20.559,
Foster Cove,Natural,8/31/2016,9/1/2016,N/A,5,300,3,1.03,2.085,40.477,6.251,33.463,1.938,32.196,F,59,0.908,30.111,
Foster Cove,Natural,8/31/2016,9/2/2016,N/A,6,150,45,0.957,2.104,40.453,6.739,30.058,1.726,26.509,N/A,64,0.769,24.405,
Foster Cove,Natural,8/31/2016,9/2/2016,N/A,7,112,82,1.318,0.952,34.782,5.147,29.903,2.017,27.874,N/A,49,0.699,26.922,
Foster Cove,Natural,8/31/2016,9/2/2016,N/A,8,64,2,1.299,2.126,46.186,10.506,35.06,3.219,31.189,F,75,1.92,29.063,
Foster Cove,Natural,8/31/2016,9/2/2016,N/A,9,33,13,1.297,2.119,56.259,8.513,47.224,2.765,43.103,M,66,1.468,40.984,
Foster Cove,Natural,8/31/2016,9/2/2016,N/A,10,130,39,1.307,1.301,25.17,4.618,21.418,1.961,20.542,M,44,0.654,19.241,
Foster Cove,Natural,8/31/2016,9/5/2016,N/A,11,42,30,1.32,0.95,38.817,5.67,32.059,2.22,30.216,M,57,0.9,29.266,
Foster Cove,Natural,8/31/2016,9/5/2016,N/A,12,138,102,0.945,0.977,31.671,5.31,26.181,1.825,24.859,F,50,0.88,23.882,
Foster Cove,Natural,8/31/2016,9/5/2016,N/A,13,154,43,1.298,2.265,31.837,6.203,26.145,2.237,24.212,F,55,0.939,21.947,
Foster Cove,Natural,8/31/2016,9/5/2016,N/A,14,22,107,0.946,0.983,34.148,5.147,28.362,1.83,26.421,F,48,0.884,25.438,on shell
Foster Cove,Natural,8/31/2016,9/5/2016,N/A,15,147,99,1.313,2.252,42.571,8.121,33.812,2.607,30.53,M,77,1.294,28.278,
Foster Cove,Natural,8/31/2016,9/5/2016,N/A,16,52,29,1.314,2.273,49.162,8.571,37.813,2.694,34.478,F,72,1.38,32.205,
Foster Cove,Natural,8/31/2016,9/5/2016,N/A,17,133,44,1.33,2.289,30.598,5.406,26.394,2.197,24.515,M,59,0.867,22.226,
Foster Cove,Natural,8/31/2016,9/5/2016,N/A,18,161,142,1.312,0.949,40.1,6.532,31.466,2.195,29.867,F,57,0.883,28.918,
Foster Cove,Natural,8/31/2016,9/5/2016,N/A,19,136,131,1.305,0.985,26.728,5.093,21.355,2.003,18.938,F,59,0.698,17.953,
Foster Cove,Natural,8/31/2016,9/5/2016,N/A,20,9,194,2.271,2.116,39.746,9.332,32.653,3.733,29.237,M,67,1.462,27.121,
Foster Cove,Natural,8/31/2016,9/5/2016,N/A,21,65,9,0.98,0.953,37.444,6.206,29.886,2.018,27.878,M,65,1.038,26.925,
Foster Cove,Natural,8/31/2016,9/5/2016,N/A,22,46,250,1.311,0.966,28.874,4.976,23.416,1.967,21.975,F,52,0.656,21.009,
Foster Cove,Natural,8/31/2016,9/5/2016,N/A,23,,,,,,,,,,,16,,,
Foster Cove,Natural,8/31/2016,9/5/2016,N/A,24,,,,,,,,,,,19,,,
Foster Cove,Natural,8/31/2016,9/5/2016,N/A,25,,,,,,,,,,,25,,,
Foster Cove,Natural,8/31/2016,9/5/2016,N/A,26,,,,,,,,,,,12,,,
Foster Cove,Natural,8/31/2016,9/5/2016,N/A,27,,,,,,,,,,,19,,,
Foster Cove,Natural,8/31/2016,9/5/2016,N/A,28,,,,,,,,,,,13,,,
Foster Cove,Natural,8/31/2016,9/5/2016,N/A,29,,,,,,,,,,,16,,,
Foster Cove,Natural,8/31/2016,9/5/2016,N/A,30,,,,,,,,,,,15,,,
Foster Cove,Natural,8/31/2016,9/5/2016,N/A,31,,,,,,,,,,,8,,,
Foster Cove,Natural,8/31/2016,9/5/2016,N/A,32,,,,,,,,,,,7,,,
Foster Cove,Natural,8/31/2016,9/5/2016,N/A,33,,,,,,,,,,,14,,,
Foster Cove,Natural,8/31/2016,9/5/2016,N/A,34,,,,,,,,,,,13,,,
Foster Cove,Natural,8/31/2016,9/5/2016,N/A,35,,,,,,,,,,,10,,,
Foster Cove,Natural,8/31/2016,9/5/2016,N/A,36,,,,,,,,,,,12,,,
Foster Cove,Natural,8/31/2016,9/5/2016,N/A,37,,,,,,,,,,,14,,,
Foster Cove,Natural,8/31/2016,9/5/2016,N/A,38,,,,,,,,,,,14,,,
Foster Cove,Natural,8/31/2016,9/5/2016,N/A,39,,,,,,,,,,,21,,,
Foster Cove,Natural,8/31/2016,9/5/2016,N/A,40,,,,,,,,,,,23,,,
Foster Cove,Natural,8/31/2016,9/5/2016,N/A,41,,,,,,,,,,,14,,,
Foster Cove,Natural,8/31/2016,9/5/2016,N/A,42,,,,,,,,,,,21,,,
Foster Cove,Natural,8/31/2016,9/5/2016,N/A,43,,,,,,,,,,,13,,,
Foster Cove,Natural,8/31/2016,9/5/2016,N/A,44,,,,,,,,,,,18,,,
Foster Cove,Natural,8/31/2016,9/5/2016,N/A,45,,,,,,,,,,,12,,,
Foster Cove,Natural,8/31/2016,9/5/2016,N/A,46,,,,,,,,,,,8,,,
Foster Cove,Natural,8/31/2016,9/5/2016,N/A,47,,,,,,,,,,,14,,,
Foster Cove,Natural,8/31/2016,9/5/2016,N/A,48,,,,,,,,,,,14,,,
Foster Cove,Natural,8/31/2016,9/5/2016,N/A,49,,,,,,,,,,,14,,,
Foster Cove,Natural,8/31/2016,9/5/2016,N/A,50,,,,,,,,,,,18,,,
Foster Cove,Natural,8/31/2016,9/5/2016,N/A,51,,,,,,,,,,,14,,,
Foster Cove,Natural,8/31/2016,9/5/2016,N/A,52,,,,,,,,,,,15,,,
Foster Cove,Natural,8/31/2016,9/5/2016,N/A,53,,,,,,,,,,,20,,,
Foster Cove,Natural,8/31/2016,9/5/2016,N/A,54,,,,,,,,,,,13,,,
Foster Cove,Natural,8/31/2016,9/5/2016,N/A,55,,,,,,,,,,,12,,,
Foster Cove,Natural,8/31/2016,9/5/2016,N/A,56,,,,,,,,,,,10,,,
Foster Cove,Natural,8/31/2016,9/5/2016,N/A,57,,,,,,,,,,,15,,,
Foster Cove,Natural,8/31/2016,9/5/2016,N/A,58,,,,,,,,,,,15,,,
Green Hill Pond,Natural,8/31/2016,9/6/2016,1,1,227,52,1.021,2.25,30.324,7.731,23.626,2.379,20.509,N/A,71,1.358,18.259,
Green Hill Pond,Natural,8/31/2016,9/6/2016,1,2,289,13,0.971,2.288,82.31,12.389,64.72,2.886,54.287,N/A,87,1.915,51.999,"on shell, algae fouled"
Green Hill Pond,Natural,8/31/2016,9/6/2016,1,3,86,149,0.944,2.072,41.496,6.837,33.646,2.032,27.769,N/A,68,1.088,25.697,
Green Hill Pond,Natural,8/31/2016,9/6/2016,1,4,77,43,0.982,2.271,56.672,10.358,45.732,2.787,40.314,N/A,81,1.805,38.043,
Green Hill Pond,Natural,8/31/2016,9/6/2016,1,5,240,28,0.952,2.288,53.32,9.477,41.399,2.496,37.242,N/A,86,1.544,34.954,
Green Hill Pond,Natural,8/31/2016,9/6/2016,1,6,219,25,1.003,2.12,62.164,10.525,48.917,2.899,41.818,N/A,93,1.896,39.698,
Green Hill Pond,Natural,8/31/2016,9/6/2016,1,7,290,99,0.977,2.293,60.419,13.591,45.201,2.857,37.768,N/A,101,1.88,35.475,
Green Hill Pond,Natural,8/31/2016,9/6/2016,1,8,306,1,0.967,2.04,27.17,4.782,23.006,1.502,19.804,N/A,78,0.535,17.764,
Green Hill Pond,Natural,8/31/2016,9/6/2016,1,9,288,85,1.035,0.95,26.928,5.699,20.395,1.901,17.517,N/A,72,0.866,16.567,
Green Hill Pond,Natural,8/31/2016,9/6/2016,1,10,228,183,1.022,2.108,19.374,4.142,17.2,1.629,14.601,N/A,62,0.607,12.493,
Green Hill Pond,Natural,8/31/2016,9/6/2016,1,11,206,62,1.022,2.297,40.535,5.675,32.873,1.743,26.11,N/A,73,0.721,23.813,
Green Hill Pond,Natural,8/31/2016,9/6/2016,1,12,185,187,1.334,2.155,24.206,6.508,20.862,2.322,15.75,N/A,61,0.988,13.595,
Green Hill Pond,Natural,8/31/2016,9/6/2016,1,13,55,196,1.364,2.138,49.296,8.54,36.924,2.391,33.042,N/A,85,1.027,30.904,
Green Hill Pond,Natural,8/31/2016,9/6/2016,1,14,82,71,0.98,2.191,48.458,10.034,37.392,2.558,29.793,N/A,78,1.578,27.602,some algae fouled
Green Hill Pond,Natural,8/31/2016,9/6/2016,1,15,299,184,1.022,2.113,N/A,8.37,45.979,2.299,37.35,F,76,1.277,35.237,
Green Hill Pond,Natural,8/31/2016,9/6/2016,1,16,84,193,1.313,2.101,32.614,5.456,26.85,1.91,22.424,M,61,0.597,20.323,
Green Hill Pond,Natural,8/31/2016,9/6/2016,1,17,266,31,1.03,2.131,37.261,5.662,29.21,1.935,23.847,N/A,45,0.905,21.716,
Green Hill Pond,Natural,8/31/2016,9/6/2016,1,18,34,9,1.309,2.273,46.443,8.948,34.798,2.681,31.804,N/A,72,1.372,29.531,
Green Hill Pond,Natural,8/31/2016,9/6/2016,2,1,278,11,1.033,1.996,44.424,8.244,33.612,2.378,27.501,N/A,76,1.345,25.505,
Green Hill Pond,Natural,8/31/2016,9/6/2016,2,2,305,7,0.962,2.028,30.637,6.102,24.45,1.925,19.507,M,57,0.963,17.479,
Green Hill Pond,Natural,8/31/2016,9/6/2016,2,3,40,26,1.307,2.263,94.097,15.106,66.776,3.333,57.379,N/A,104,2.026,55.116,
Green Hill Pond,Natural,8/31/2016,9/6/2016,2,4,45,4,1.312,2.083,46.379,9.848,37.921,3.163,31.279,N/A,74,1.851,29.196,
Green Hill Pond,Natural,8/31/2016,9/6/2016,2,5,302,14,1.024,2.281,26.681,6.829,20.545,1.944,16.51,N/A,55,0.92,14.229,
Green Hill Pond,Natural,8/31/2016,9/6/2016,2,6,244,53,0.965,2.285,45.865,7.585,33.862,2.282,30.05,N/A,78,1.317,27.765,small bit of shell stuck on
Green Hill Pond,Natural,8/31/2016,9/6/2016,2,7,57,24,1.32,2.195,47.946,7.763,37.843,2.799,32.933,N/A,85,1.479,30.738,
Green Hill Pond,Natural,8/31/2016,9/6/2016,2,8,165,31,1.33,2.088,31.546,5.104,24.508,1.985,22.258,N/A,57,0.655,20.17,
Green Hill Pond,Natural,8/31/2016,9/6/2016,2,9,25,30,0.94,2.292,17.101,4.72,15.45,1.669,13.75,M,55,0.729,11.458,
Green Hill Pond,Natural,8/31/2016,9/6/2016,2,10,68,14,0.949,2.244,22.832,5.903,19.06,1.909,16.792,M,62,0.96,14.548,
Green Hill Pond,Natural,8/31/2016,9/7/2016,2,11,118,67,1.311,2.132,35.83,7.58,26.57,2.454,23.909,N/A,70,1.143,21.777,
Green Hill Pond,Natural,8/31/2016,9/7/2016,2,12,95,69,1.31,2.001,29.198,5.878,24.719,2.125,22.066,N/A,82,0.815,20.065,
Green Hill Pond,Natural,8/31/2016,9/7/2016,2,13,48,70,0.952,2.152,51.403,9.091,38.553,2.171,34.329,F,81,1.219,32.177,
Green Hill Pond,Natural,8/31/2016,9/7/2016,2,14,132,71,1.289,2.21,54.894,9.656,39.944,2.633,35.399,N/A,70,1.344,33.189,
Green Hill Pond,Natural,8/31/2016,9/7/2016,2,15,84,293,1.307,1.029,17.252,4.929,12.762,2.061,10.865,N/A,52,0.754,9.836,
Green Hill Pond,Natural,8/31/2016,9/7/2016,2,16,311,233,1.033,1.037,17.127,4.236,12.958,1.54,11.178,N/A,56,0.507,10.141,
Green Hill Pond,Natural,8/31/2016,9/7/2016,2,17,298,37,0.963,2.066,20.174,4.35,16.058,1.702,14.213,M,62,0.739,12.147,
Green Hill Pond,Natural,8/31/2016,9/7/2016,2,18,232,22,1.015,2.117,39.706,6.877,31.351,2.195,29.103,M,63,1.18,26.986,
Green Hill Pond,Natural,8/31/2016,9/7/2016,2,19,304,72,1.035,2.29,45.723,7.326,36.144,2.355,31.629,N/A,68,1.32,29.339,
Green Hill Pond,Natural,8/31/2016,9/7/2016,2,20,17,64,1.319,2.117,42.27,8.195,34.498,2.632,30.038,N/A,80,1.313,27.921,
Green Hill Pond,Natural,8/31/2016,9/7/2016,2,21,28,66,0.942,2.15,48.99,6.926,41.746,2.118,35.671,N/A,93,1.176,33.521,
Green Hill Pond,Natural,8/31/2016,9/7/2016,2,22,309,68,1.02,2.279,20.45,5.37,17.609,1.978,15.891,N/A,66,0.958,13.612,
Green Hill Pond,Natural,8/31/2016,9/7/2016,2,23,291,17,0.955,2.284,21.012,3.778,19.06,1.347,17.053,N/A,57,0.392,14.769,
Green Hill Pond,Natural,8/31/2016,9/7/2016,3,1,21,100,1.327,2.237,45.628,8.916,36.458,2.644,30.35,N/A,65,1.317,28.113,
Green Hill Pond,Natural,8/31/2016,9/7/2016,3,2,307,34,1.029,2.281,61.183,11.118,44.553,3.113,37.971,M,87,2.084,35.69,
Green Hill Pond,Natural,8/31/2016,9/7/2016,3,3,310,3,1.032,2.086,43.391,8.489,32.601,2.385,28.077,M,72,1.353,25.991,
Green Hill Pond,Natural,8/31/2016,9/7/2016,3,4,292,32,1.032,2.244,70.143,12.206,57.36,3.195,46.942,N/A,85,2.163,44.698,
Green Hill Pond,Natural,8/31/2016,9/7/2016,3,5,308,137,1.026,1.3,30.054,5.676,24.18,1.768,20.906,N/A,58,0.742,19.606,
Green Hill Pond,Natural,8/31/2016,9/7/2016,3,6,121,38,1.315,2.28,37.454,8.712,28.001,2.524,25.015,N/A,57,1.209,22.735,
Green Hill Pond,Natural,8/31/2016,9/7/2016,3,7,39,45,1.307,2.107,40.339,8.486,32.147,2.784,27.226,M,89,1.477,25.119,
Green Hill Pond,Natural,8/31/2016,9/7/2016,3,8,,,,,,,,,,,13,,,
Green Hill Pond,Natural,8/31/2016,9/8/2016,4,1,250,43,0.966,2.266,72.063,12.294,55.991,3.332,48.223,N/A,85,2.366,45.957,
Green Hill Pond,Natural,8/31/2016,9/8/2016,4,2,30,99,0.95,2.25,57.085,10.283,43.447,2.823,40.074,N/A,72,1.873,37.824,
Green Hill Pond,Natural,8/31/2016,9/8/2016,4,3,102,44,0.978,2.289,59.678,7.38,49.918,2.309,44.682,N/A,75,1.331,42.393,
Green Hill Pond,Natural,8/31/2016,9/8/2016,4,4,107,29,0.98,2.272,45.775,10.29,34.06,2.676,29.817,N/A,86,1.696,27.545,
Green Hill Pond,Natural,8/31/2016,9/8/2016,4,5,142,194,0.947,2.111,65.677,10.23,50.238,2.825,45.966,N/A,77,1.878,43.855,
Green Hill Pond,Natural,8/31/2016,9/8/2016,4,6,131,2,0.986,2.126,53.06,9.055,40.944,2.309,36.291,N/A,58,1.323,34.165,
Green Hill Pond,Natural,8/31/2016,9/8/2016,4,7,50,13,1.305,2.121,44.428,6.313,36.156,1.986,31.289,N/A,79,0.681,29.168,
Green Hill Pond,Natural,8/31/2016,9/8/2016,4,8,54,19,0.946,2.283,48.29,7.296,38.372,2.107,35.182,N/A,72,1.161,32.899,
Green Hill Pond,Natural,8/31/2016,9/8/2016,4,9,127,20,0.947,2.078,23.626,5.417,20.313,1.861,17.331,N/A,65,0.914,15.253,
Green Hill Pond,Natural,8/31/2016,9/8/2016,4,10,226,75,1.008,2.142,44.98,8.385,33.188,2.294,28.836,N/A,71,1.286,26.694,
Green Hill Pond,Natural,8/31/2016,9/8/2016,4,11,259,33,1.014,2.283,59.404,9.919,48.186,3.223,44.456,N/A,85,2.209,42.173,
Green Hill Pond,Natural,8/31/2016,9/8/2016,5,1,32,65,1.327,2.25,47.119,7.602,37.574,2.567,33.117,N/A,69,1.24,30.867,
Green Hill Pond,Natural,8/31/2016,9/8/2016,5,2,14,182,0.978,2.102,39.803,7.727,32.783,2.219,26.581,N/A,70,1.241,24.479,
Green Hill Pond,Natural,8/31/2016,9/8/2016,5,3,144,180,1,2.128,25.803,7.102,21.392,2.021,16.857,N/A,58,1.021,14.729,
Green Hill Pond,Natural,8/31/2016,9/8/2016,5,4,82,5,0.952,2.266,30.174,6.108,23.808,1.995,19.73,N/A,55,1.043,17.464,
Green Hill Pond,Natural,8/31/2016,9/8/2016,5,5,62,175,1.328,2.135,38.094,8.52,28.455,2.473,23.657,N/A,69,1.145,21.522,
Green Hill Pond,Natural,8/31/2016,9/8/2016,5,6,221,141,0.993,2.126,29.268,7.341,23.143,2.046,19.772,M,68,1.053,17.646,
Green Hill Pond,Natural,8/31/2016,9/8/2016,5,7,25,176,0.954,2.138,34.713,6.542,28.559,1.98,24.304,M,85,1.026,22.166,
Narrow River,Natural,8/31/2016,9/8/2016,1,1,340,337,1.02,1.01,24.177,4.14,19.454,1.462,16.076,M,61,0.442,15.066,
Narrow River,Natural,8/31/2016,9/8/2016,1,2,33,91,1.313,1.316,28.239,4.882,21.851,1.835,18.077,M,53,0.522,16.761,
Narrow River,Natural,8/31/2016,9/8/2016,1,3,248,71,0.997,2.181,59.705,11.091,41.639,2.59,33.065,N/A,82,1.593,30.884,
Narrow River,Natural,8/31/2016,9/8/2016,1,4,342,31,1.019,2.134,36.019,5.957,28.262,1.684,22.68,M,70,0.665,20.546,
Narrow River,Natural,8/31/2016,9/8/2016,1,5,59,9,0.947,2.273,33.96,4.59,29.347,1.463,24.636,M,74,0.516,22.363,
Narrow River,Natural,8/31/2016,9/8/2016,1,6,85,32,0.952,1.319,34.847,6.285,27.051,1.649,22.441,M,60,0.697,21.122,
Narrow River,Natural,8/31/2016,9/8/2016,1,7,90,47,1.318,1.308,24.099,3.991,19.766,1.619,16.152,M,54,0.301,14.844,
Narrow River,Natural,8/31/2016,9/8/2016,1,8,146,11,1.318,0.953,N/A,3.658,12.703,1.564,10.555,N/A,51,0.246,9.602,
Narrow River,Natural,8/31/2016,9/8/2016,1,9,9,62,0.96,2.297,33.772,5.436,30.068,1.655,26.213,M,64,0.695,23.916,
Narrow River,Natural,8/31/2016,9/8/2016,1,10,344,28,1.031,2.287,27.195,4.853,23.828,1.551,21.664,N/A,60,0.52,19.377,
Narrow River,Natural,8/31/2016,9/8/2016,1,11,93,43,0.952,2.269,26.286,4.89,21.175,1.532,17.355,N/A,56,0.58,15.086,
Narrow River,Natural,8/31/2016,9/8/2016,1,12,,,,,,,,,,,59,,,
Narrow River,Natural,8/31/2016,9/8/2016,1,13,,,,,,,,,,,64,,,
Narrow River,Natural,8/31/2016,9/8/2016,1,14,,,,,,,,,,,58,,,
Narrow River,Natural,8/31/2016,9/8/2016,1,15,,,,,,,,,,,66,,,
Narrow River,Natural,8/31/2016,9/8/2016,1,16,,,,,,,,,,,53,,,
Narrow River,Natural,8/31/2016,9/8/2016,1,17,,,,,,,,,,,64,,,
Narrow River,Natural,8/31/2016,9/8/2016,1,18,,,,,,,,,,,75,,,
Narrow River,Natural,8/31/2016,9/8/2016,1,19,,,,,,,,,,,89,,,
Narrow River,Natural,8/31/2016,9/8/2016,1,20,,,,,,,,,,,56,,,
Narrow River,Natural,8/31/2016,9/8/2016,1,21,,,,,,,,,,,63,,,
Narrow River,Natural,8/31/2016,9/8/2016,1,22,,,,,,,,,,,62,,,
Narrow River,Natural,8/31/2016,9/8/2016,1,23,,,,,,,,,,,33,,,
Narrow River,Natural,8/31/2016,9/8/2016,1,24,,,,,,,,,,,31,,,
Narrow River,Natural,8/31/2016,9/8/2016,1,25,,,,,,,,,,,34,,,
Narrow River,Natural,8/31/2016,9/8/2016,1,26,,,,,,,,,,,30,,,
Narrow River,Natural,8/31/2016,9/8/2016,1,27,,,,,,,,,,,24,,,
Narrow River,Natural,8/31/2016,9/8/2016,1,28,,,,,,,,,,,14,,,
Narrow River,Natural,8/31/2016,9/8/2016,1,29,,,,,,,,,,,19,,,
Narrow River,Natural,8/31/2016,9/8/2016,2,1,275,11,1.01,1.994,32.512,6.27,26.552,1.752,22.416,M,61,0.742,20.422,
Narrow River,Natural,8/31/2016,9/8/2016,2,2,23,7,0.954,2.031,30.869,6.723,25.477,1.754,22.029,F,57,0.8,19.998,
Narrow River,Natural,8/31/2016,9/8/2016,2,3,58,26,1.311,2.261,33.237,6.426,25.36,2.136,21.517,N/A,60,0.825,19.256,
Narrow River,Natural,8/31/2016,9/8/2016,2,4,30,4,1.309,2.084,27.46,4.14,25.61,1.712,23.747,N/A,70,0.403,21.663,
Narrow River,Natural,8/31/2016,9/8/2016,2,5,112,114,1.316,2.287,24.781,3.92,22.749,1.759,18.703,N/A,56,0.443,16.416,
Narrow River,Natural,8/31/2016,9/8/2016,2,6,65,10,1.3,2.289,19.467,4.354,17.664,1.794,15.149,N/A,57,0.494,12.86,
Narrow River,Natural,8/31/2016,9/8/2016,2,7,33,24,1.296,2.194,12.235,3.134,11.166,1.603,10.323,M,44,0.307,8.129,
Narrow River,Natural,8/31/2016,9/8/2016,2,8,296,31,1.014,2.088,30.765,4.263,28.284,1.477,25.005,N/A,61,0.463,22.917,
Narrow River,Natural,8/31/2016,9/8/2016,2,9,173,30,1.319,2.305,37.826,7.993,28.212,2.258,23.636,N/A,70,0.939,21.331,
Narrow River,Natural,8/31/2016,9/8/2016,2,10,264,14,1.011,2.251,20.993,4.12,17.022,1.513,14.339,N/A,51,0.502,12.088,
Narrow River,Natural,8/31/2016,9/8/2016,2,11,202,149,0.971,2.07,18.47,3.039,16.475,1.352,13.272,N/A,45,0.381,11.202,
Narrow River,Natural,8/31/2016,9/8/2016,2,12,,,,,,,,,,,65,,,
Narrow River,Natural,8/31/2016,9/8/2016,2,13,,,,,,,,,,,59,,,
Narrow River,Natural,8/31/2016,9/8/2016,2,14,,,,,,,,,,,65,,,
Narrow River,Natural,8/31/2016,9/8/2016,2,15,,,,,,,,,,,47,,,
Narrow River,Natural,8/31/2016,9/8/2016,2,16,,,,,,,,,,,43,,,
Narrow River,Natural,8/31/2016,9/8/2016,2,17,,,,,,,,,,,64,,,
Narrow River,Natural,8/31/2016,9/8/2016,2,18,,,,,,,,,,,69,,,
Narrow River,Natural,8/31/2016,9/8/2016,2,19,,,,,,,,,,,59,,,
Narrow River,Natural,8/31/2016,9/8/2016,2,20,,,,,,,,,,,54,,,
Narrow River,Natural,8/31/2016,9/8/2016,2,21,,,,,,,,,,,60,,,
Narrow River,Natural,8/31/2016,9/8/2016,2,22,,,,,,,,,,,58,,,
Narrow River,Natural,8/31/2016,9/8/2016,2,23,,,,,,,,,,,47,,,
Narrow River,Natural,8/31/2016,9/8/2016,2,24,,,,,,,,,,,37,,,
Narrow River,Natural,8/31/2016,9/8/2016,2,25,,,,,,,,,,,24,,,
Narrow River,Natural,8/31/2016,9/8/2016,2,26,,,,,,,,,,,32,,,
Narrow River,Natural,8/31/2016,9/8/2016,2,27,,,,,,,,,,,33,,,
Narrow River,Natural,8/31/2016,9/8/2016,2,28,,,,,,,,,,,22,,,
Narrow River,Natural,8/31/2016,9/12/2016,3,1,11,100,0.956,2.237,36.925,7.428,28.561,1.711,23.413,N/A,45,0.755,21.176,
Narrow River,Natural,8/31/2016,9/12/2016,3,2,47,34,1.307,2.284,10.996,2.692,11.538,1.55,10.927,N/A,41,0.243,8.643,
Narrow River,Natural,8/31/2016,9/12/2016,3,3,32,329,1.32,0.986,6.853,2.63,5.565,1.512,4.911,N/A,32,0.192,3.925,
Narrow River,Natural,8/31/2016,9/12/2016,3,4,91,89,1.316,0.983,5.465,2.021,5.166,1.47,4.58,M,33,0.154,3.597,
Narrow River,Natural,8/31/2016,9/12/2016,3,5,337,233,1.013,1.036,22.227,4.032,17.825,1.442,15.411,N/A,53,0.429,14.375,
Narrow River,Natural,8/31/2016,9/12/2016,3,6,293,137,1.032,1.303,20.898,4.224,16.965,1.47,14.42,N/A,47,0.438,13.117,
Narrow River,Natural,8/31/2016,9/12/2016,3,7,301,303,1.032,1.014,19.865,3.197,16.662,1.288,13.831,M,44,0.256,12.817,
Narrow River,Natural,8/31/2016,9/12/2016,3,8,53,64,0.949,1.301,22.518,4.733,19.215,1.539,16.695,N/A,53,0.59,15.394,
Narrow River,Natural,8/31/2016,9/12/2016,3,9,39,80,0.94,1.31,11.511,2.671,10.261,1.226,9.204,N/A,39,0.286,7.894,
Narrow River,Natural,8/31/2016,9/12/2016,3,10,99,32,1.32,2.246,37.288,6.521,30.348,2.125,25.101,N/A,63,0.805,22.855,
Narrow River,Natural,8/31/2016,9/12/2016,3,11,300,83,1.026,1.326,13.692,3.39,12.046,1.402,10.917,M,49,0.376,9.591,
Narrow River,Natural,8/31/2016,9/12/2016,3,12,,,,,,,,,,,59,,,
Narrow River,Natural,8/31/2016,9/12/2016,3,13,,,,,,,,,,,35,,,
Narrow River,Natural,8/31/2016,9/12/2016,3,14,,,,,,,,,,,59,,,
Narrow River,Natural,8/31/2016,9/12/2016,3,15,,,,,,,,,,,37,,,
Narrow River,Natural,8/31/2016,9/12/2016,3,16,,,,,,,,,,,31,,,
Narrow River,Natural,8/31/2016,9/12/2016,3,17,,,,,,,,,,,21,,,
Narrow River,Natural,8/31/2016,9/12/2016,3,18,,,,,,,,,,,37,,,
Narrow River,Natural,8/31/2016,9/12/2016,3,19,,,,,,,,,,,42,,,
Narrow River,Natural,8/31/2016,9/12/2016,3,20,,,,,,,,,,,15,,,
Narrow River,Natural,8/31/2016,9/12/2016,3,21,,,,,,,,,,,42,,,
Narrow River,Natural,8/31/2016,9/12/2016,3,22,,,,,,,,,,,55,,,
Narrow River,Natural,8/31/2016,9/12/2016,3,23,,,,,,,,,,,12,,,
Narrow River,Natural,8/31/2016,9/12/2016,3,24,,,,,,,,,,,29,,,
Narrow River,Natural,8/31/2016,9/12/2016,3,25,,,,,,,,,,,59,,,
Narrow River,Natural,8/31/2016,9/12/2016,3,26,,,,,,,,,,,64,,,
Narrow River,Natural,8/31/2016,9/12/2016,3,27,,,,,,,,,,,42,,,
Narrow River,Natural,8/31/2016,9/12/2016,3,28,,,,,,,,,,,55,,,
Narrow River,Natural,8/31/2016,9/12/2016,3,29,,,,,,,,,,,34,,,
Narrow River,Natural,8/31/2016,9/12/2016,3,30,,,,,,,,,,,29,,,
Narrow River,Natural,8/31/2016,9/12/2016,3,31,,,,,,,,,,,35,,,
Narrow River,Natural,8/31/2016,9/12/2016,3,32,,,,,,,,,,,16,,,
Narrow River,Natural,8/31/2016,9/12/2016,3,33,,,,,,,,,,,17,,,
Narrow River,Natural,8/31/2016,9/12/2016,3,34,,,,,,,,,,,22,,,
Narrow River,Natural,8/31/2016,9/12/2016,3,35,,,,,,,,,,,14,,,
Narrow River,Natural,8/31/2016,9/12/2016,3,36,,,,,,,,,,,17,,,
Narrow River,Natural,8/31/2016,9/12/2016,3,37,,,,,,,,,,,28,,,
Narrow River,Natural,8/31/2016,9/12/2016,3,38,,,,,,,,,,,34,,,
Narrow River,Natural,8/31/2016,9/12/2016,4,1,294,43,1.031,2.272,24.339,5.141,19.599,1.65,17.312,N/A,60,0.619,15.04,
Narrow River,Natural,8/31/2016,9/12/2016,4,2,60,28,1.32,2.289,23.201,4.565,16.795,1.789,13.374,N/A,63,0.469,11.085,
Narrow River,Natural,8/31/2016,9/12/2016,4,3,186,52,1.313,0.959,20.082,4.782,15.394,1.849,30.537,N/A,56,0.536,29.578,
Narrow River,Natural,8/31/2016,9/12/2016,4,4,295,3,1.016,2.09,43.014,5.463,35.704,1.74,30.538,N/A,63,0.724,28.448,
Narrow River,Natural,8/31/2016,9/12/2016,4,5,130,143,1.308,1.316,17.811,3.679,15.369,1.603,13.292,N/A,50,0.295,11.976,
Narrow River,Natural,8/31/2016,9/12/2016,4,6,103,38,1.317,2.28,32.846,5.1,26.112,1.713,22.487,N/A,66,0.396,20.207,
Narrow River,Natural,8/31/2016,9/12/2016,4,7,1,297,1.312,0.981,13.104,2.924,10.631,1.516,8.697,N/A,49,0.204,7.716,
Narrow River,Natural,8/31/2016,9/12/2016,4,8,145,119,1.315,0.982,23.56,5.21,16.676,1.825,13.674,M,61,0.51,12.692,
Narrow River,Natural,8/31/2016,9/12/2016,4,9,83,343,0.944,0.983,21.464,4.85,15.483,1.559,12.378,N/A,62,0.615,11.395,
Narrow River,Natural,8/31/2016,9/12/2016,4,10,150,76,0.957,0.984,25.258,4.55,21.688,1.49,18.879,N/A,56,0.533,17.895,
Narrow River,Natural,8/31/2016,9/12/2016,4,11,51,4,1.311,2.088,31.256,5.823,26.962,2.062,22.482,M,69,0.751,20.394,
Narrow River,Natural,8/31/2016,9/12/2016,4,12,,,,,,,,,,,64,,,
Narrow River,Natural,8/31/2016,9/12/2016,4,13,,,,,,,,,,,68,,,
Narrow River,Natural,8/31/2016,9/12/2016,4,14,,,,,,,,,,,69,,,
Narrow River,Natural,8/31/2016,9/12/2016,4,15,,,,,,,,,,,56,,,
Narrow River,Natural,8/31/2016,9/12/2016,4,16,,,,,,,,,,,52,,,
Narrow River,Natural,8/31/2016,9/12/2016,4,17,,,,,,,,,,,64,,,
Narrow River,Natural,8/31/2016,9/12/2016,4,18,,,,,,,,,,,64,,,
Narrow River,Natural,8/31/2016,9/12/2016,4,19,,,,,,,,,,,61,,,
Narrow River,Natural,8/31/2016,9/12/2016,4,20,,,,,,,,,,,43,,,
Narrow River,Natural,8/31/2016,9/12/2016,4,21,,,,,,,,,,,43,,,
Narrow River,Natural,8/31/2016,9/12/2016,4,22,,,,,,,,,,,42,,,
Narrow River,Natural,8/31/2016,9/12/2016,4,23,,,,,,,,,,,61,,,
Narrow River,Natural,8/31/2016,9/12/2016,4,24,,,,,,,,,,,7,,,
Narrow River,Natural,8/31/2016,9/12/2016,4,25,,,,,,,,,,,9,,,
Narrow River,Natural,8/31/2016,9/12/2016,4,26,,,,,,,,,,,31,,,
Narrow River,Natural,8/31/2016,9/12/2016,4,27,,,,,,,,,,,31,,,
Narrow River,Natural,8/31/2016,9/12/2016,4,28,,,,,,,,,,,25,,,
Narrow River,Natural,8/31/2016,9/12/2016,4,29,,,,,,,,,,,32,,,
Narrow River,Natural,8/31/2016,9/12/2016,4,30,,,,,,,,,,,40,,,
Narrow River,Natural,8/31/2016,9/12/2016,4,31,,,,,,,,,,,30,,,
Narrow River,Natural,8/31/2016,9/12/2016,4,32,,,,,,,,,,,29,,,
Narrow River,Natural,8/31/2016,9/13/2016,5,1,339,14,1.002,2.287,27.653,5.255,24.281,1.66,21.05,N/A,58,0.658,18.763,
Narrow River,Natural,8/31/2016,9/13/2016,5,2,285,53,1.013,2.293,26.387,3.916,24.642,1.43,20.535,N/A,58,0.417,18.242,
Narrow River,Natural,8/31/2016,9/13/2016,5,3,128,26,0.976,2.262,25.913,4.786,21.346,1.591,18.498,N/A,56,0.615,16.236,
Narrow River,Natural,8/31/2016,9/13/2016,5,4,227,14,1.022,2.252,19.632,3.427,19.03,1.406,16.756,N/A,54,0.384,14.504,
Narrow River,Natural,8/31/2016,9/13/2016,5,5,147,24,1.312,2.196,10.113,2.876,9.897,1.563,7.773,F,41,0.251,5.577,
Narrow River,Natural,8/31/2016,9/13/2016,5,6,219,31,1.003,2.087,37.284,6.558,27.61,1.776,22.671,F,70,0.773,20.584,
Narrow River,Natural,8/31/2016,9/13/2016,5,7,52,30,1.314,2.306,28.58,5.279,22.134,1.959,17.058,N/A,74,0.645,14.752,
Narrow River,Natural,8/31/2016,9/13/2016,5,8,84,149,1.315,2.074,26.43,8.13,18.954,2.063,15.997,N/A,71,0.748,13.923,
Narrow River,Natural,8/31/2016,9/13/2016,5,9,228,22,1.016,2.122,45.128,6.949,34.773,1.86,30.772,M,79,0.844,28.65,
Narrow River,Natural,8/31/2016,9/13/2016,5,10,290,68,0.978,2.28,25.783,4.169,21.653,1.436,18.507,N/A,51,0.458,16.227,
Narrow River,Natural,8/31/2016,9/13/2016,5,11,133,37,1.333,2.071,25.248,6.131,21.493,1.967,17.843,N/A,63,0.634,15.772,
Narrow River,Natural,8/31/2016,9/13/2016,5,12,,,,,,,,,,,39,,,
Narrow River,Natural,8/31/2016,9/13/2016,5,13,,,,,,,,,,,57,,,
Narrow River,Natural,8/31/2016,9/13/2016,5,14,,,,,,,,,,,64,,,
Narrow River,Natural,8/31/2016,9/13/2016,5,15,,,,,,,,,,,57,,,
Narrow River,Natural,8/31/2016,9/13/2016,5,16,,,,,,,,,,,51,,,
Narrow River,Natural,8/31/2016,9/13/2016,5,17,,,,,,,,,,,80,,,
Narrow River,Natural,8/31/2016,9/13/2016,5,18,,,,,,,,,,,57,,,
Narrow River,Natural,8/31/2016,9/13/2016,5,19,,,,,,,,,,,33,,,
Narrow River,Natural,8/31/2016,9/13/2016,5,20,,,,,,,,,,,58,,,
Narrow River,Natural,8/31/2016,9/13/2016,5,21,,,,,,,,,,,49,,,
Narrow River,Natural,8/31/2016,9/13/2016,5,22,,,,,,,,,,,74,,,
Narrow River,Natural,8/31/2016,9/13/2016,5,23,,,,,,,,,,,67,,,
Narrow River,Natural,8/31/2016,9/13/2016,5,24,,,,,,,,,,,58,,,
Narrow River,Natural,8/31/2016,9/13/2016,5,25,,,,,,,,,,,64,,,
Narrow River,Natural,8/31/2016,9/13/2016,5,26,,,,,,,,,,,53,,,
Narrow River,Natural,8/31/2016,9/13/2016,5,27,,,,,,,,,,,16,,,
Narrow River,Natural,8/31/2016,9/13/2016,5,28,,,,,,,,,,,28,,,
Narrow River,Natural,8/31/2016,9/13/2016,5,29,,,,,,,,,,,30,,,
Narrow River,Natural,8/31/2016,9/13/2016,5,30,,,,,,,,,,,33,,,
Narrow River,Natural,8/31/2016,9/13/2016,5,31,,,,,,,,,,,28,,,
Narrow River,Natural,8/31/2016,9/13/2016,5,32,,,,,,,,,,,26,,,
Narrow River,Natural,8/31/2016,9/13/2016,5,33,,,,,,,,,,,32,,,
